{
  "seed": 2030,
  "n_test": 459,
  "MAE_mean": 2.599472559074404,
  "RMSE_mean": 3.4685136689364486,
  "R2_mean": 0.7807362925475586,
  "PICP_mean": 0.9763253449527961,
  "MPIW_mean": 17.673023486228605,
  "CRPS_mean": 2.022620742164533
}