{
  "model_id": "data-mono-ineq",
  "N_base": 4096,
  "N_repeats": 50,
  "CI_level": 0.9,
  "inputs": [
    "E_slope",
    "E_intercept",
    "nu",
    "alpha_base",
    "alpha_slope",
    "SS316_T_ref",
    "SS316_k_ref",
    "SS316_alpha"
  ],
  "outputs": [
    "iteration2_max_global_stress",
    "iteration2_keff"
  ],
  "results": {
    "iteration2_max_global_stress": {
      "S1": {
        "mean": [
          0.056285182237625124,
          0.5863138973712921,
          0.06353461980819702,
          0.16873641490936278,
          0.03295236110687256,
          0.01656994104385376,
          0.053292068243026736,
          0.0020900988578796387
        ],
        "lo": [
          0.05292366886240101,
          0.5842430985616022,
          0.059801760822141996,
          0.1653184745613501,
          0.029829247845535846,
          0.013085113762641546,
          0.05037676367886276,
          -0.001098155442819975
        ],
        "hi": [
          0.059646695612849236,
          0.5883846961809821,
          0.06726747879425204,
          0.17215435525737546,
          0.03607547436820927,
          0.02005476832506597,
          0.05620737280719071,
          0.0052783531585792525
        ]
      },
      "ST": {
        "mean": [
          0.054779297932982446,
          0.6004041194915771,
          0.06507818765938282,
          0.18160013169050215,
          0.035136888846755025,
          0.02323328211903572,
          0.06546241767704487,
          0.003864351594820619
        ],
        "lo": [
          0.05445123366314949,
          0.5971765105915404,
          0.06471653328664266,
          0.1805476551341771,
          0.03494310302565683,
          0.023026449657327634,
          0.06494500729699709,
          0.0038333670202603427
        ],
        "hi": [
          0.0551073622028154,
          0.6036317283916138,
          0.06543984203212298,
          0.18265260824682722,
          0.035330674667853224,
          0.023440114580743805,
          0.06597982805709265,
          0.003895336169380895
        ]
      }
    },
    "iteration2_keff": {
      "S1": {
        "mean": [
          0.003265509605407715,
          0.0033204424381256103,
          0.020912628173828125,
          0.7706166505813599,
          0.1974729537963867,
          0.005979665517807007,
          0.01017386555671692,
          0.00505265474319458
        ],
        "lo": [
          0.00013514297299234944,
          0.00014849996834469378,
          0.017605866035492846,
          0.7695460936952677,
          0.19477049096358784,
          0.0027661533702841782,
          0.006920293301762533,
          0.0017393326577621136
        ],
        "hi": [
          0.006395876237823081,
          0.006492384907906526,
          0.024219390312163403,
          0.771687207467452,
          0.2001754166291856,
          0.009193177665329835,
          0.013427437811671307,
          0.008365976828627046
        ]
      },
      "ST": {
        "mean": [
          0.001344388488214463,
          0.0021233891416341066,
          0.018399729914963244,
          0.7691226947307587,
          0.1951985564827919,
          0.003921108809299767,
          0.00912567650899291,
          0.0026023391354829074
        ],
        "lo": [
          0.0013313752270263522,
          0.002105665677104258,
          0.018294135385007043,
          0.766197691950148,
          0.1942763281495479,
          0.0038950279608383465,
          0.009062995658663869,
          0.002583149252457203
        ],
        "hi": [
          0.0013574017494025737,
          0.002141112606163955,
          0.018505324444919445,
          0.7720476975113694,
          0.19612078481603593,
          0.003947189657761189,
          0.00918835735932195,
          0.002621529018508612
        ]
      }
    }
  }
}