{
  "experiment": "D1_nominal_risk",
  "model_id": "bnn-baseline-homo",
  "model_class": "BayesianMLP",
  "n_mc_eval": 50,
  "N_samples": 20000,
  "sigma_k_list": [
    0.5,
    1.0,
    1.5,
    2.0
  ],
  "threshold_sweep_MPa": [
    110.0,
    120.0,
    131.0,
    150.0,
    180.0,
    200.0
  ],
  "draw_predictive": true,
  "design_nominal": {
    "E_slope": -70000000.0,
    "E_intercept": 200000000000.0,
    "nu": 0.31,
    "alpha_base": 1e-05,
    "alpha_slope": 5e-09,
    "SS316_T_ref": 923.15,
    "SS316_k_ref": 23.2,
    "SS316_alpha": 0.013333333333333334
  },
  "design_sigma_1sigma": {
    "E_slope": 7000000.0,
    "E_intercept": 20000000000.0,
    "nu": 0.031,
    "alpha_base": 1e-06,
    "alpha_slope": 5e-10,
    "SS316_T_ref": 92.315,
    "SS316_k_ref": 2.32,
    "SS316_alpha": 0.0013333333333333333
  },
  "rows": [
    {
      "sigma_k": 0.5,
      "threshold_MPa": 110.0,
      "P_exceed": 0.99625,
      "stress_mean": 162.3528547476097,
      "stress_std": 20.479389047744647,
      "stress_p5": 129.27691966726272,
      "stress_p50": 162.19487439789071,
      "stress_p95": 196.42181049651037,
      "stress_pred_mu_mean": 162.50830153663574,
      "stress_pred_sigma_mean": 12.4819769089705,
      "stress_pred_epistemic_mean": 4.0827276095228715,
      "stress_pred_aleatoric_mean": 11.770929509478064,
      "keff_mean": 1.103546318334543,
      "keff_std": 0.0012752345210780927,
      "sample_source": "predictive"
    },
    {
      "sigma_k": 0.5,
      "threshold_MPa": 120.0,
      "P_exceed": 0.98255,
      "stress_mean": 162.3528547476097,
      "stress_std": 20.479389047744647,
      "stress_p5": 129.27691966726272,
      "stress_p50": 162.19487439789071,
      "stress_p95": 196.42181049651037,
      "stress_pred_mu_mean": 162.50830153663574,
      "stress_pred_sigma_mean": 12.4819769089705,
      "stress_pred_epistemic_mean": 4.0827276095228715,
      "stress_pred_aleatoric_mean": 11.770929509478064,
      "keff_mean": 1.103546318334543,
      "keff_std": 0.0012752345210780927,
      "sample_source": "predictive"
    },
    {
      "sigma_k": 0.5,
      "threshold_MPa": 131.0,
      "P_exceed": 0.9402,
      "stress_mean": 162.3528547476097,
      "stress_std": 20.479389047744647,
      "stress_p5": 129.27691966726272,
      "stress_p50": 162.19487439789071,
      "stress_p95": 196.42181049651037,
      "stress_pred_mu_mean": 162.50830153663574,
      "stress_pred_sigma_mean": 12.4819769089705,
      "stress_pred_epistemic_mean": 4.0827276095228715,
      "stress_pred_aleatoric_mean": 11.770929509478064,
      "keff_mean": 1.103546318334543,
      "keff_std": 0.0012752345210780927,
      "sample_source": "predictive"
    },
    {
      "sigma_k": 0.5,
      "threshold_MPa": 150.0,
      "P_exceed": 0.7206,
      "stress_mean": 162.3528547476097,
      "stress_std": 20.479389047744647,
      "stress_p5": 129.27691966726272,
      "stress_p50": 162.19487439789071,
      "stress_p95": 196.42181049651037,
      "stress_pred_mu_mean": 162.50830153663574,
      "stress_pred_sigma_mean": 12.4819769089705,
      "stress_pred_epistemic_mean": 4.0827276095228715,
      "stress_pred_aleatoric_mean": 11.770929509478064,
      "keff_mean": 1.103546318334543,
      "keff_std": 0.0012752345210780927,
      "sample_source": "predictive"
    },
    {
      "sigma_k": 0.5,
      "threshold_MPa": 180.0,
      "P_exceed": 0.19235,
      "stress_mean": 162.3528547476097,
      "stress_std": 20.479389047744647,
      "stress_p5": 129.27691966726272,
      "stress_p50": 162.19487439789071,
      "stress_p95": 196.42181049651037,
      "stress_pred_mu_mean": 162.50830153663574,
      "stress_pred_sigma_mean": 12.4819769089705,
      "stress_pred_epistemic_mean": 4.0827276095228715,
      "stress_pred_aleatoric_mean": 11.770929509478064,
      "keff_mean": 1.103546318334543,
      "keff_std": 0.0012752345210780927,
      "sample_source": "predictive"
    },
    {
      "sigma_k": 0.5,
      "threshold_MPa": 200.0,
      "P_exceed": 0.0358,
      "stress_mean": 162.3528547476097,
      "stress_std": 20.479389047744647,
      "stress_p5": 129.27691966726272,
      "stress_p50": 162.19487439789071,
      "stress_p95": 196.42181049651037,
      "stress_pred_mu_mean": 162.50830153663574,
      "stress_pred_sigma_mean": 12.4819769089705,
      "stress_pred_epistemic_mean": 4.0827276095228715,
      "stress_pred_aleatoric_mean": 11.770929509478064,
      "keff_mean": 1.103546318334543,
      "keff_std": 0.0012752345210780927,
      "sample_source": "predictive"
    },
    {
      "sigma_k": 1.0,
      "threshold_MPa": 110.0,
      "P_exceed": 0.9559,
      "stress_mean": 163.57000586657145,
      "stress_std": 33.379245917539684,
      "stress_p5": 111.94393576976957,
      "stress_p50": 161.7619007926959,
      "stress_p95": 221.6325619207076,
      "stress_pred_mu_mean": 163.55642648002149,
      "stress_pred_sigma_mean": 13.895282103655228,
      "stress_pred_epistemic_mean": 7.118349495450074,
      "stress_pred_aleatoric_mean": 11.770929509478064,
      "keff_mean": 1.103534421279047,
      "keff_std": 0.0014176167414607756,
      "sample_source": "predictive"
    },
    {
      "sigma_k": 1.0,
      "threshold_MPa": 120.0,
      "P_exceed": 0.91065,
      "stress_mean": 163.57000586657145,
      "stress_std": 33.379245917539684,
      "stress_p5": 111.94393576976957,
      "stress_p50": 161.7619007926959,
      "stress_p95": 221.6325619207076,
      "stress_pred_mu_mean": 163.55642648002149,
      "stress_pred_sigma_mean": 13.895282103655228,
      "stress_pred_epistemic_mean": 7.118349495450074,
      "stress_pred_aleatoric_mean": 11.770929509478064,
      "keff_mean": 1.103534421279047,
      "keff_std": 0.0014176167414607756,
      "sample_source": "predictive"
    },
    {
      "sigma_k": 1.0,
      "threshold_MPa": 131.0,
      "P_exceed": 0.8343,
      "stress_mean": 163.57000586657145,
      "stress_std": 33.379245917539684,
      "stress_p5": 111.94393576976957,
      "stress_p50": 161.7619007926959,
      "stress_p95": 221.6325619207076,
      "stress_pred_mu_mean": 163.55642648002149,
      "stress_pred_sigma_mean": 13.895282103655228,
      "stress_pred_epistemic_mean": 7.118349495450074,
      "stress_pred_aleatoric_mean": 11.770929509478064,
      "keff_mean": 1.103534421279047,
      "keff_std": 0.0014176167414607756,
      "sample_source": "predictive"
    },
    {
      "sigma_k": 1.0,
      "threshold_MPa": 150.0,
      "P_exceed": 0.63855,
      "stress_mean": 163.57000586657145,
      "stress_std": 33.379245917539684,
      "stress_p5": 111.94393576976957,
      "stress_p50": 161.7619007926959,
      "stress_p95": 221.6325619207076,
      "stress_pred_mu_mean": 163.55642648002149,
      "stress_pred_sigma_mean": 13.895282103655228,
      "stress_pred_epistemic_mean": 7.118349495450074,
      "stress_pred_aleatoric_mean": 11.770929509478064,
      "keff_mean": 1.103534421279047,
      "keff_std": 0.0014176167414607756,
      "sample_source": "predictive"
    },
    {
      "sigma_k": 1.0,
      "threshold_MPa": 180.0,
      "P_exceed": 0.2996,
      "stress_mean": 163.57000586657145,
      "stress_std": 33.379245917539684,
      "stress_p5": 111.94393576976957,
      "stress_p50": 161.7619007926959,
      "stress_p95": 221.6325619207076,
      "stress_pred_mu_mean": 163.55642648002149,
      "stress_pred_sigma_mean": 13.895282103655228,
      "stress_pred_epistemic_mean": 7.118349495450074,
      "stress_pred_aleatoric_mean": 11.770929509478064,
      "keff_mean": 1.103534421279047,
      "keff_std": 0.0014176167414607756,
      "sample_source": "predictive"
    },
    {
      "sigma_k": 1.0,
      "threshold_MPa": 200.0,
      "P_exceed": 0.14325,
      "stress_mean": 163.57000586657145,
      "stress_std": 33.379245917539684,
      "stress_p5": 111.94393576976957,
      "stress_p50": 161.7619007926959,
      "stress_p95": 221.6325619207076,
      "stress_pred_mu_mean": 163.55642648002149,