{
  "experiment": "D3_coupling",
  "model_id": "bnn-baseline-homo",
  "model_class": "BayesianMLP",
  "n_mc_eval": 50,
  "n_test": 501,
  "rows": [
    {
      "iter1_output": "iteration1_avg_fuel_temp",
      "iter2_output": "iteration2_avg_fuel_temp",
      "output_short": "avg_fuel_temp",
      "pred_delta_mean": -15.224052049645321,
      "pred_delta_std": 6.247577999295254,
      "pred_var_ratio_2to1": 0.24762352334926926,
      "pred_spearman_rho": 0.9563644219856636,
      "pred_spearman_p": 8.490730063507636e-269,
      "pred_epistemic_iter1_mean": 1.9956378435719684,
      "pred_epistemic_iter2_mean": 0.7862089723473666,
      "pred_aleatoric_iter1_mean": 4.6732779756824,
      "pred_aleatoric_iter2_mean": 2.436818991365108,
      "true_delta_mean": -15.225009980039923,
      "true_spearman_rho": 0.9198151395481174
    },
    {
      "iter1_output": "iteration1_max_fuel_temp",
      "iter2_output": "iteration2_max_fuel_temp",
      "output_short": "max_fuel_temp",
      "pred_delta_mean": -28.66264389818937,
      "pred_delta_std": 10.409948127543107,
      "pred_var_ratio_2to1": 0.2859656708167209,
      "pred_spearman_rho": 0.9561228015715251,
      "pred_spearman_p": 3.2659613195336314e-268,
      "pred_epistemic_iter1_mean": 3.638079443333197,
      "pred_epistemic_iter2_mean": 1.4778245049065322,
      "pred_aleatoric_iter1_mean": 8.061183756284903,
      "pred_aleatoric_iter2_mean": 4.543757395813677,
      "true_delta_mean": -28.971836327345308,
      "true_spearman_rho": 0.9187106196612974
    },
    {
      "iter1_output": "iteration1_max_monolith_temp",
      "iter2_output": "iteration2_max_monolith_temp",
      "output_short": "max_monolith_temp",
      "pred_delta_mean": -31.443286246189096,
      "pred_delta_std": 11.849891471760023,
      "pred_var_ratio_2to1": 0.28046735168609815,
      "pred_spearman_rho": 0.9564140438716636,
      "pred_spearman_p": 6.432489435579605e-269,
      "pred_epistemic_iter1_mean": 4.104003708632034,
      "pred_epistemic_iter2_mean": 1.71120723348014,
      "pred_aleatoric_iter1_mean": 9.263245394759846,
      "pred_aleatoric_iter2_mean": 5.111131463843072,
      "true_delta_mean": -31.68369261477046,
      "true_spearman_rho": 0.9190535307798094
    },
    {
      "iter1_output": "iteration1_max_global_stress",
      "iter2_output": "iteration2_max_global_stress",
      "output_short": "max_global_stress",
      "pred_delta_mean": -42.666824859961345,
      "pred_delta_std": 16.62464715790855,
      "pred_var_ratio_2to1": 0.5012212989172621,
      "pred_spearman_rho": 0.9675178951312056,
      "pred_spearman_p": 3.588280755984691e-300,
      "pred_epistemic_iter1_mean": 9.603498367952202,
      "pred_epistemic_iter2_mean": 7.011349545816995,
      "pred_aleatoric_iter1_mean": 16.773895522668624,
      "pred_aleatoric_iter2_mean": 11.770929509478064,
      "true_delta_mean": -42.72031936127744,
      "true_spearman_rho": 0.963897116262018
    },
    {
      "iter1_output": "iteration1_monolith_new_temperature",
      "iter2_output": "iteration2_monolith_new_temperature",
      "output_short": "monolith_new_temperature",
      "pred_delta_mean": -4.564625447484542,
      "pred_delta_std": 2.3247063161240558,
      "pred_var_ratio_2to1": 0.16575931430195395,
      "pred_spearman_rho": 0.9526942155290357,
      "pred_spearman_p": 3.0059267008208423e-260,
      "pred_epistemic_iter1_mean": 0.6964193173312877,
      "pred_epistemic_iter2_mean": 0.21420212982790104,
      "pred_aleatoric_iter1_mean": 1.6115805710855435,
      "pred_aleatoric_iter2_mean": 0.6889503179879526,
      "true_delta_mean": -4.639894429685943,
      "true_spearman_rho": 0.9195362625418634
    },
    {
      "iter1_output": "iteration1_Hcore_after",
      "iter2_output": "iteration2_Hcore_after",
      "output_short": "Hcore_after",
      "pred_delta_mean": 0.007363495922667327,
      "pred_delta_std": 0.04222413845164787,
      "pred_var_ratio_2to1": 1.7958519094643244,
      "pred_spearman_rho": 0.972777242486984,
      "pred_spearman_p": 5.0367e-319,
      "pred_epistemic_iter1_mean": 0.08683391017120018,
      "pred_epistemic_iter2_mean": 0.11515924810515563,
      "pred_aleatoric_iter1_mean": 0.5654870129248779,
      "pred_aleatoric_iter2_mean": 0.7578858545499205,
      "true_delta_mean": 0.008192092066729583,
      "true_spearman_rho": 0.9823399524794504
    },
    {
      "iter1_output": "iteration1_wall2",
      "iter2_output": "iteration2_wall2",
      "output_short": "wall2",
      "pred_delta_mean": -0.00352527867857713,
      "pred_delta_std": 0.002091386839369913,
      "pred_var_ratio_2to1": 0.9725434005915525,
      "pred_spearman_rho": 0.9949715852675293,
      "pred_spearman_p": 0.0,
      "pred_epistemic_iter1_mean": 0.005023354249921127,
      "pred_epistemic_iter2_mean": 0.004919562558971185,
      "pred_aleatoric_iter1_mean": 0.008117781931338225,
      "pred_aleatoric_iter2_mean": 0.008026600301628451,
      "true_delta_mean": -0.0035410250032965056,
      "true_spearman_rho": 0.9965251330009304
    }
  ]
}