{
  "manifest_type": "experiment",
  "experiment_id": "risk_propagation_all",
  "model_id": "bnn-baseline-homo",
  "input_source": "/home/tjzs/Documents/fenics_data/fenics_data/bnn0414/results_v3418/fixed_split",
  "outputs_saved": [
    "/home/tjzs/Documents/fenics_data/fenics_data/bnn0414/results_v3418/experiments/risk_propagation/bnn-baseline-homo/D1_nominal_risk.csv",
    "/home/tjzs/Documents/fenics_data/fenics_data/bnn0414/results_v3418/experiments/risk_propagation/bnn-baseline-homo/D2_case_risk.csv",
    "/home/tjzs/Documents/fenics_data/fenics_data/bnn0414/results_v3418/experiments/risk_propagation/bnn-baseline-homo/D3_coupling.csv"
  ],
  "key_results": {
    "D1": [
      {
        "sigma_k": 0.5,
        "threshold_MPa": 110.0,
        "P_exceed": 0.99625,
        "stress_mean": 162.3528547476097,
        "stress_std": 20.479389047744647,
        "stress_p5": 129.27691966726272,
        "stress_p50": 162.19487439789071,
        "stress_p95": 196.42181049651037,
        "stress_pred_mu_mean": 162.50830153663574,
        "stress_pred_sigma_mean": 12.4819769089705,
        "stress_pred_epistemic_mean": 4.0827276095228715,
        "stress_pred_aleatoric_mean": 11.770929509478064,
        "keff_mean": 1.103546318334543,
        "keff_std": 0.0012752345210780927,
        "sample_source": "predictive"
      },
      {
        "sigma_k": 0.5,
        "threshold_MPa": 120.0,
        "P_exceed": 0.98255,
        "stress_mean": 162.3528547476097,
        "stress_std": 20.479389047744647,
        "stress_p5": 129.27691966726272,
        "stress_p50": 162.19487439789071,
        "stress_p95": 196.42181049651037,
        "stress_pred_mu_mean": 162.50830153663574,
        "stress_pred_sigma_mean": 12.4819769089705,
        "stress_pred_epistemic_mean": 4.0827276095228715,
        "stress_pred_aleatoric_mean": 11.770929509478064,
        "keff_mean": 1.103546318334543,
        "keff_std": 0.0012752345210780927,
        "sample_source": "predictive"
      }
    ],
    "D2": [
      {
        "category": "low_stress",
        "case_idx": 0,
        "sigma_k": 0.5,
        "y_true_stress": 120.44,
        "P_exceed_131": 0.4033,
        "stress_mean": 126.9400086827673,
        "stress_std": 18.694514431328184,
        "stress_p5": 97.03003734255483,
        "stress_p95": 158.5122127273274,
        "stress_epistemic_mean": 6.018690522628209,
        "stress_aleatoric_mean": 11.770929509478064
      },
      {
        "category": "low_stress",
        "case_idx": 0,
        "sigma_k": 1.0,
        "y_true_stress": 120.44,
        "P_exceed_131": 0.46955,
        "stress_mean": 130.7296789662867,
        "stress_std": 29.53675988007994,
        "stress_p5": 85.69406945707746,
        "stress_p95": 182.62170509072868,
        "stress_epistemic_mean": 8.872812894388623,
        "stress_aleatoric_mean": 11.770929509478064
      }
    ],
    "D3": [
      {
        "iter1_output": "iteration1_avg_fuel_temp",
        "iter2_output": "iteration2_avg_fuel_temp",
        "output_short": "avg_fuel_temp",
        "pred_delta_mean": -15.224052049645321,
        "pred_delta_std": 6.247577999295254,
        "pred_var_ratio_2to1": 0.24762352334926926,
        "pred_spearman_rho": 0.9563644219856636,
        "pred_spearman_p": 8.490730063507636e-269,
        "pred_epistemic_iter1_mean": 1.9956378435719684,
        "pred_epistemic_iter2_mean": 0.7862089723473666,
        "pred_aleatoric_iter1_mean": 4.6732779756824,
        "pred_aleatoric_iter2_mean": 2.436818991365108,
        "true_delta_mean": -15.225009980039923,
        "true_spearman_rho": 0.9198151395481174
      },
      {
        "iter1_output": "iteration1_max_fuel_temp",
        "iter2_output": "iteration2_max_fuel_temp",
        "output_short": "max_fuel_temp",
        "pred_delta_mean": -28.66264389818937,
        "pred_delta_std": 10.409948127543107,
        "pred_var_ratio_2to1": 0.2859656708167209,
        "pred_spearman_rho": 0.9561228015715251,
        "pred_spearman_p": 3.2659613195336314e-268,
        "pred_epistemic_iter1_mean": 3.638079443333197,
        "pred_epistemic_iter2_mean": 1.4778245049065322,
        "pred_aleatoric_iter1_mean": 8.061183756284903,
        "pred_aleatoric_iter2_mean": 4.543757395813677,
        "true_delta_mean": -28.971836327345308,
        "true_spearman_rho": 0.9187106196612974
      }
    ]
  },
  "source_script": "/home/tjzs/Documents/fenics_data/fenics_data/bnn0414/code/experiments_0404/experiments/run_risk_propagation_0404.py",
  "risk_exp": "all",
  "n_mc_eval": 50,
  "model_class": "BayesianMLP",
  "_manifest_generated_at": "2026-04-19T01:33:43.234165"
}