{
  "MAE_mean": 2.7672834299364917,
  "RMSE_mean": 3.5818588070749815,
  "R2_mean": 0.7605072545619783,
  "PICP_mean": 0.9612260536398469,
  "MPIW_mean": 15.408058846026288,
  "CRPS_mean": 2.0484981024987063
}