{
  "experiment": "D1_nominal_risk",
  "model_id": "bnn-baseline",
  "model_class": "BayesianMLP",
  "n_mc_eval": 50,
  "N_samples": 20000,
  "sigma_k_list": [
    0.5,
    1.0,
    1.5,
    2.0
  ],
  "threshold_sweep_MPa": [
    110.0,
    120.0,
    131.0
  ],
  "draw_predictive": true,
  "design_nominal": {
    "E_slope": -70000000.0,
    "E_intercept": 200000000000.0,
    "nu": 0.31,
    "alpha_base": 1e-05,
    "alpha_slope": 5e-09,
    "SS316_T_ref": 923.15,
    "SS316_k_ref": 23.2,
    "SS316_alpha": 0.013333333333333334
  },
  "design_sigma_1sigma": {
    "E_slope": 7000000.0,
    "E_intercept": 20000000000.0,
    "nu": 0.031,
    "alpha_base": 1e-06,
    "alpha_slope": 5e-10,
    "SS316_T_ref": 92.315,
    "SS316_k_ref": 2.32,
    "SS316_alpha": 0.0013333333333333333
  },
  "rows": [
    {
      "sigma_k": 0.5,
      "threshold_MPa": 110.0,
      "P_exceed": 0.99755,
      "stress_mean": 161.6394249600462,
      "stress_std": 19.54089263927261,
      "stress_p5": 130.28040641026428,
      "stress_p50": 161.38676112534154,
      "stress_p95": 194.2773429685328,
      "stress_pred_mu_mean": 161.7921509011948,
      "stress_pred_sigma_mean": 11.409479222279792,
      "stress_pred_epistemic_mean": 5.1968949986079105,
      "stress_pred_aleatoric_mean": 10.146767420662442,
      "keff_mean": 1.103578315593681,
      "keff_std": 0.0005164363067266018,
      "sample_source": "predictive"
    },
    {
      "sigma_k": 0.5,
      "threshold_MPa": 120.0,
      "P_exceed": 0.9856,
      "stress_mean": 161.6394249600462,
      "stress_std": 19.54089263927261,
      "stress_p5": 130.28040641026428,
      "stress_p50": 161.38676112534154,
      "stress_p95": 194.2773429685328,
      "stress_pred_mu_mean": 161.7921509011948,
      "stress_pred_sigma_mean": 11.409479222279792,
      "stress_pred_epistemic_mean": 5.1968949986079105,
      "stress_pred_aleatoric_mean": 10.146767420662442,
      "keff_mean": 1.103578315593681,
      "keff_std": 0.0005164363067266018,
      "sample_source": "predictive"
    },
    {
      "sigma_k": 0.5,
      "threshold_MPa": 131.0,
      "P_exceed": 0.9463,
      "stress_mean": 161.6394249600462,
      "stress_std": 19.54089263927261,
      "stress_p5": 130.28040641026428,
      "stress_p50": 161.38676112534154,
      "stress_p95": 194.2773429685328,
      "stress_pred_mu_mean": 161.7921509011948,
      "stress_pred_sigma_mean": 11.409479222279792,
      "stress_pred_epistemic_mean": 5.1968949986079105,
      "stress_pred_aleatoric_mean": 10.146767420662442,
      "keff_mean": 1.103578315593681,
      "keff_std": 0.0005164363067266018,
      "sample_source": "predictive"
    },
    {
      "sigma_k": 1.0,
      "threshold_MPa": 110.0,
      "P_exceed": 0.95675,
      "stress_mean": 164.2075214624172,
      "stress_std": 33.75287079068597,
      "stress_p5": 112.0268427094743,
      "stress_p50": 162.2856953477414,
      "stress_p95": 222.67979553244473,
      "stress_pred_mu_mean": 164.20190253609354,
      "stress_pred_sigma_mean": 14.155599567475825,
      "stress_pred_epistemic_mean": 7.9340037255608475,
      "stress_pred_aleatoric_mean": 11.668924364939421,
      "keff_mean": 1.1035451241804777,
      "keff_std": 0.000776532742105528,
      "sample_source": "predictive"
    },
    {
      "sigma_k": 1.0,
      "threshold_MPa": 120.0,
      "P_exceed": 0.91345,
      "stress_mean": 164.2075214624172,
      "stress_std": 33.75287079068597,
      "stress_p5": 112.0268427094743,
      "stress_p50": 162.2856953477414,
      "stress_p95": 222.67979553244473,
      "stress_pred_mu_mean": 164.20190253609354,
      "stress_pred_sigma_mean": 14.155599567475825,
      "stress_pred_epistemic_mean": 7.9340037255608475,
      "stress_pred_aleatoric_mean": 11.668924364939421,
      "keff_mean": 1.1035451241804777,
      "keff_std": 0.000776532742105528,
      "sample_source": "predictive"
    },
    {
      "sigma_k": 1.0,
      "threshold_MPa": 131.0,
      "P_exceed": 0.84075,
      "stress_mean": 164.2075214624172,
      "stress_std": 33.75287079068597,
      "stress_p5": 112.0268427094743,
      "stress_p50": 162.2856953477414,
      "stress_p95": 222.67979553244473,
      "stress_pred_mu_mean": 164.20190253609354,
      "stress_pred_sigma_mean": 14.155599567475825,
      "stress_pred_epistemic_mean": 7.9340037255608475,
      "stress_pred_aleatoric_mean": 11.668924364939421,
      "keff_mean": 1.1035451241804777,
      "keff_std": 0.000776532742105528,
      "sample_source": "predictive"
    },
    {
      "sigma_k": 1.5,
      "threshold_MPa": 110.0,
      "P_exceed": 0.8978,
      "stress_mean": 165.135594100077,
      "stress_std": 46.01176619964508,
      "stress_p5": 95.91854536337948,
      "stress_p50": 161.85348998500706,
      "stress_p95": 244.60034074092633,
      "stress_pred_mu_mean": 164.94594392387182,
      "stress_pred_sigma_mean": 18.436099034511827,
      "stress_pred_epistemic_mean": 11.025582261454009,
      "stress_pred_aleatoric_mean": 14.640736182492295,
      "keff_mean": 1.1034941008515808,
      "keff_std": 0.0011513789046013036,
      "sample_source": "predictive"
    },
    {
      "sigma_k": 1.5,
      "threshold_MPa": 120.0,
      "P_exceed": 0.8403,
      "stress_mean": 165.135594100077,
      "stress_std": 46.01176619964508,
      "stress_p5": 95.91854536337948,
      "stress_p50": 161.85348998500706,
      "stress_p95": 244.60034074092633,
      "stress_pred_mu_mean": 164.94594392387182,
      "stress_pred_sigma_mean": 18.436099034511827,
      "stress_pred_epistemic_mean": 11.025582261454009,
      "stress_pred_aleatoric_mean": 14.640736182492295,
      "keff_mean": 1.1034941008515808,
      "keff_std": 0.0011513789046013036,
      "sample_source": "predictive"
    },
    {
      "sigma_k": 1.5,
      "threshold_MPa": 131.0,
      "P_exceed": 0.76495,
      "stress_mean": 165.135594100077,
      "stress_std": 46.01176619964508,
      "stress_p5": 95.91854536337948,
      "stress_p50": 161.85348998500706,
      "stress_p95": 244.60034074092633,
      "stress_pred_mu_mean": 164.94594392387182,
      "stress_pred_sigma_mean": 18.436099034511827,
      "stress_pred_epistemic_mean": 11.025582261454009,
      "stress_pred_aleatoric_mean": 14.640736182492295,
      "keff_mean": 1.1034941008515808,
      "keff_std": 0.0011513789046013036,
      "sample_source": "predictive"
    },
    {
      "sigma_k": 2.0,
      "threshold_MPa": 110.0,
      "P_exceed": 0.8387,
      "stress_mean": 165.25181771183256,
      "stress_std": 58.87235111742971,
      "stress_p5": 81.51916744721221,
      "stress_p50": 160.16784373688307,
      "stress_p95": 263.38415960779366,
      "stress_pred_mu_mean": 165.12897256087402,
      "stress_pred_sigma_mean": 24.122516143158325,
      "stress_pred_epistemic_mean": 14.27031368075346,
      "stress_pred_aleatoric_mean": 19.005315160918684,
      "keff_mean": 1.1035217559978394,
      "keff_std": 0.0015097948939383572,
      "sample_source": "predictive"
    },
    {
      "sigma_k": 2.0,
      "threshold_MPa": 120.0,
      "P_exceed": 0.7797,
      "stress_mean": 165.25181771183256,
      "stress_std": 58.87235111742971,
      "stress_p5": 81.51916744721221,
      "stress_p50": 160.16784373688307,
      "stress_p95": 263.38415960779366,
      "stress_pred_mu_mean": 165.12897256087402,
      "stress_pred_sigma_mean": 24.122516143158325,
      "stress_pred_epistemic_mean": 14.27031368075346,
      "stress_pred_aleatoric_mean": 19.005315160918684,
      "keff_mean": 1.1035217559978394,
      "keff_std": 0.0015097948939383572,
      "sample_source": "predictive"
    },
    {
      "sigma_k": 2.0,
      "threshold_MPa": 131.0,
      "P_exceed": 0.70785,
      "stress_mean": 165.25181771183256,
      "stress_std": 58.87235111742971,
      "stress_p5": 81.51916744721221,
      "stress_p50": 160.16784373688307,
      "stress_p95": 263.38415960779366,
      "stress_pred_mu_mean": 165.12897256087402,
      "stress_pred_sigma_mean": 24.122516143158325,