{
  "experiment": "D1_nominal_risk",
  "model_id": "data-mono-ineq",
  "N_samples": 20000,
  "sigma_k_list": [
    0.5,
    1.0,
    2.0,
    3.0
  ],
  "threshold_sweep_MPa": [
    110.0,
    120.0,
    131.0
  ],
  "draw_predictive": true,
  "design_nominal": {
    "E_slope": -70000000.0,
    "E_intercept": 200000000000.0,
    "nu": 0.31,
    "alpha_base": 1e-05,
    "alpha_slope": 5e-09,
    "SS316_T_ref": 923.15,
    "SS316_k_ref": 23.2,
    "SS316_alpha": 0.013333333333333334
  },
  "design_sigma_1sigma": {
    "E_slope": 7000000.0,
    "E_intercept": 20000000000.0,
    "nu": 0.031,
    "alpha_base": 1e-06,
    "alpha_slope": 5e-10,
    "SS316_T_ref": 92.315,
    "SS316_k_ref": 2.32,
    "SS316_alpha": 0.0013333333333333333
  },
  "rows": [
    {
      "sigma_k": 0.5,
      "threshold_MPa": 110.0,
      "P_exceed": 0.99815,
      "stress_mean": 161.19782476568437,
      "stress_std": 19.3490918044595,
      "stress_p5": 130.19642090368782,
      "stress_p50": 160.87785624018665,
      "stress_p95": 193.83238210132433,
      "stress_pred_mu_mean": 161.35409545898438,
      "stress_pred_sigma_mean": 12.515947059766921,
      "keff_mean": 1.1035800325238532,
      "keff_std": 0.0006986512510915622,
      "sample_source": "predictive"
    },
    {
      "sigma_k": 0.5,
      "threshold_MPa": 120.0,
      "P_exceed": 0.9877,
      "stress_mean": 161.19782476568437,
      "stress_std": 19.3490918044595,
      "stress_p5": 130.19642090368782,
      "stress_p50": 160.87785624018665,
      "stress_p95": 193.83238210132433,
      "stress_pred_mu_mean": 161.35409545898438,
      "stress_pred_sigma_mean": 12.515947059766921,
      "keff_mean": 1.1035800325238532,
      "keff_std": 0.0006986512510915622,
      "sample_source": "predictive"
    },
    {
      "sigma_k": 0.5,
      "threshold_MPa": 131.0,
      "P_exceed": 0.94515,
      "stress_mean": 161.19782476568437,
      "stress_std": 19.3490918044595,
      "stress_p5": 130.19642090368782,
      "stress_p50": 160.87785624018665,
      "stress_p95": 193.83238210132433,
      "stress_pred_mu_mean": 161.35409545898438,
      "stress_pred_sigma_mean": 12.515947059766921,
      "keff_mean": 1.1035800325238532,
      "keff_std": 0.0006986512510915622,
      "sample_source": "predictive"
    },
    {
      "sigma_k": 1.0,
      "threshold_MPa": 110.0,
      "P_exceed": 0.959,
      "stress_mean": 162.59964759570897,
      "stress_std": 32.15081597981052,
      "stress_p5": 112.60648571028429,
      "stress_p50": 161.048549032057,
      "stress_p95": 218.5275941630878,
      "stress_pred_mu_mean": 162.58761596679688,
      "stress_pred_sigma_mean": 9.753980441544009,
      "keff_mean": 1.1035685627847087,
      "keff_std": 0.000846534256916449,
      "sample_source": "predictive"
    },
    {
      "sigma_k": 1.0,
      "threshold_MPa": 120.0,
      "P_exceed": 0.91395,
      "stress_mean": 162.59964759570897,
      "stress_std": 32.15081597981052,
      "stress_p5": 112.60648571028429,
      "stress_p50": 161.048549032057,
      "stress_p95": 218.5275941630878,
      "stress_pred_mu_mean": 162.58761596679688,
      "stress_pred_sigma_mean": 9.753980441544009,
      "keff_mean": 1.1035685627847087,
      "keff_std": 0.000846534256916449,
      "sample_source": "predictive"
    },
    {
      "sigma_k": 1.0,
      "threshold_MPa": 131.0,
      "P_exceed": 0.83625,
      "stress_mean": 162.59964759570897,
      "stress_std": 32.15081597981052,
      "stress_p5": 112.60648571028429,
      "stress_p50": 161.048549032057,
      "stress_p95": 218.5275941630878,
      "stress_pred_mu_mean": 162.58761596679688,
      "stress_pred_sigma_mean": 9.753980441544009,
      "keff_mean": 1.1035685627847087,
      "keff_std": 0.000846534256916449,
      "sample_source": "predictive"
    },
    {
      "sigma_k": 2.0,
      "threshold_MPa": 110.0,
      "P_exceed": 0.8069,
      "stress_mean": 165.31590764347732,
      "stress_std": 63.50955918165931,
      "stress_p5": 69.1925579427241,
      "stress_p50": 161.5790804198336,
      "stress_p95": 276.97454662097226,
      "stress_pred_mu_mean": 165.26976013183594,
      "stress_pred_sigma_mean": 4.185351051874164,
      "keff_mean": 1.1034894570687703,
      "keff_std": 0.0014054017415461504,
      "sample_source": "predictive"
    },
    {
      "sigma_k": 2.0,
      "threshold_MPa": 120.0,
      "P_exceed": 0.75665,
      "stress_mean": 165.31590764347732,
      "stress_std": 63.50955918165931,
      "stress_p5": 69.1925579427241,
      "stress_p50": 161.5790804198336,
      "stress_p95": 276.97454662097226,
      "stress_pred_mu_mean": 165.26976013183594,
      "stress_pred_sigma_mean": 4.185351051874164,
      "keff_mean": 1.1034894570687703,
      "keff_std": 0.0014054017415461504,
      "sample_source": "predictive"
    },
    {
      "sigma_k": 2.0,
      "threshold_MPa": 131.0,
      "P_exceed": 0.69335,
      "stress_mean": 165.31590764347732,
      "stress_std": 63.50955918165931,
      "stress_p5": 69.1925579427241,
      "stress_p50": 161.5790804198336,
      "stress_p95": 276.97454662097226,
      "stress_pred_mu_mean": 165.26976013183594,
      "stress_pred_sigma_mean": 4.185351051874164,
      "keff_mean": 1.1034894570687703,
      "keff_std": 0.0014054017415461504,
      "sample_source": "predictive"
    },
    {
      "sigma_k": 3.0,
      "threshold_MPa": 110.0,
      "P_exceed": 0.7142,
      "stress_mean": 168.96754230586993,
      "stress_std": 98.90704897326567,
      "stress_p5": 20.38583519444189,
      "stress_p50": 160.62214504905117,
      "stress_p95": 344.1972888280231,
      "stress_pred_mu_mean": 168.9680938720703,
      "stress_pred_sigma_mean": 1.4753781765367058,
      "keff_mean": 1.1033078265843328,
      "keff_std": 0.0021509774153641876,
      "sample_source": "predictive"
    },
    {
      "sigma_k": 3.0,
      "threshold_MPa": 120.0,
      "P_exceed": 0.67495,
      "stress_mean": 168.96754230586993,
      "stress_std": 98.90704897326567,
      "stress_p5": 20.38583519444189,
      "stress_p50": 160.62214504905117,
      "stress_p95": 344.1972888280231,
      "stress_pred_mu_mean": 168.9680938720703,
      "stress_pred_sigma_mean": 1.4753781765367058,
      "keff_mean": 1.1033078265843328,
      "keff_std": 0.0021509774153641876,
      "sample_source": "predictive"
    },
    {
      "sigma_k": 3.0,
      "threshold_MPa": 131.0,
      "P_exceed": 0.6284,
      "stress_mean": 168.96754230586993,
      "stress_std": 98.90704897326567,
      "stress_p5": 20.38583519444189,
      "stress_p50": 160.62214504905117,
      "stress_p95": 344.1972888280231,
      "stress_pred_mu_mean": 168.9680938720703,
      "stress_pred_sigma_mean": 1.4753781765367058,
      "keff_mean": 1.1033078265843328,
      "keff_std": 0.0021509774153641876,
      "sample_source": "predictive"
    }
  ]
}