{
  "input_stats": {
    "E_slope": {
      "min": -92273915.21049409,
      "max": -52865850.86838541,
      "mean": -70072452.19410518,
      "std": 6845669.2618604675
    },
    "E_intercept": {
      "min": 138739457919.23035,
      "max": 259219271821.1165,
      "mean": 199973432616.85135,
      "std": 19489981659.657406
    },
    "nu": {
      "min": 0.1973291408519364,
      "max": 0.3991218422798363,
      "mean": 0.3093996344630388,
      "std": 0.03031387271461808
    },
    "alpha_base": {
      "min": 6.524645415320756e-06,
      "max": 1.3404303207102693e-05,
      "mean": 1.0018490473369511e-05,
      "std": 1.023475292556145e-06
    },
    "alpha_slope": {
      "min": 3.442085974661171e-09,
      "max": 6.534442109777086e-09,
      "mean": 4.987510197656816e-09,
      "std": 5.138140370271811e-10
    },
    "SS316_T_ref": {
      "min": 651.6189980551305,
      "max": 1179.5216897450266,
      "mean": 921.4568101760274,
      "std": 93.5465634487696
    },
    "SS316_k_ref": {
      "min": 15.706404318802084,
      "max": 29.92604836333785,
      "mean": 23.249768963874303,
      "std": 2.281378483397416
    },
    "SS316_alpha": {
      "min": 0.0096271036766408,
      "max": 0.017567712897639,
      "mean": 0.013317975288942381,
      "std": 0.0013706773899216844
    }
  },
  "n_samples": 3341
}