seed,n_test,MAE_mean,RMSE_mean,R2_mean,PICP_mean,MPIW_mean,CRPS_mean
2026,459,2.7067528974231467,3.478479630757777,0.6944931049225755,0.9687726942628904,16.975489587661425,2.055228571386332
2027,459,2.4479026102255945,3.23811819638002,0.6958105252761705,0.9805374001452434,16.967963940827353,1.9087646911000185
2028,459,2.7097861645338868,3.570859783695539,0.7575403766681015,0.9716775599128539,17.009419997662608,2.0690628976824206
2029,459,2.5995511919155403,3.3996713067627975,0.7999829488109171,0.9821350762527232,17.247727392346967,1.9889315140037562
2030,459,2.599472559074404,3.4685136689364486,0.7807362925475586,0.9763253449527961,17.673023486228605,2.022620742164533
