seed,n_test,MAE_mean,RMSE_mean,R2_mean,PICP_mean,MPIW_mean,CRPS_mean
2026,502,2.4000667080218188,3.306343211672733,0.7733010310668532,0.9681274900398407,14.455663577963223,1.805501972036512
2027,502,2.3926616025217684,3.211442963870227,0.84067431683597,0.9669322709163347,14.086304414440749,1.7745836258540821
2028,502,2.784894394388525,3.691576754161394,0.7379419610042703,0.9496679946879151,14.555885194830548,2.034655594045586
2029,502,2.4787134346828035,3.346050170848114,0.7682744903079061,0.9596281540504648,13.933657426336527,1.846192989186736
2030,502,2.4554868826297804,3.346479426640144,0.7256142448836486,0.9671978751660025,14.305193194435942,1.8316381381257067
