{
  "level": 2,
  "n_test": 435,
  "test_nll_standardized": 0.11637937277555466,
  "all_outputs": {
    "MAE_mean": 2.4823386605226925,
    "RMSE_mean": 3.246496891671816,
    "R2_mean": -1.6799426620585562e+23,
    "PICP90_mean": 0.9308908045977011,
    "MPIW90_mean": 10.430385779181261,
    "CRPS_mean": 1.772705811287346
  },
  "primary_outputs": {
    "MAE_mean": 2.6833395377377807,
    "RMSE_mean": 3.448317795232358,
    "R2_mean": 0.798302850582886,
    "PICP90_mean": 0.9301149425287356,
    "MPIW90_mean": 11.194459698271796,
    "CRPS_mean": 1.915121889918505
  }
}