{
  "seed": 2026,
  "n_test": 502,
  "MAE_mean": 2.4061516519359167,
  "RMSE_mean": 3.4010145196626667,
  "R2_mean": 0.7698707559824567,
  "PICP_mean": 0.9687915006640107,
  "MPIW_mean": 14.7468755571802,
  "CRPS_mean": 1.8343467220190761
}