{
  "experiment": "D1_nominal_risk",
  "model_id": "data-mono",
  "N_samples": 20000,
  "sigma_k_list": [
    0.5,
    1.0,
    2.0,
    3.0
  ],
  "threshold_sweep_MPa": [
    110.0,
    120.0,
    131.0
  ],
  "draw_predictive": true,
  "design_nominal": {
    "E_slope": -70000000.0,
    "E_intercept": 200000000000.0,
    "nu": 0.31,
    "alpha_base": 1e-05,
    "alpha_slope": 5e-09,
    "SS316_T_ref": 923.15,
    "SS316_k_ref": 23.2,
    "SS316_alpha": 0.013333333333333334
  },
  "design_sigma_1sigma": {
    "E_slope": 7000000.0,
    "E_intercept": 20000000000.0,
    "nu": 0.031,
    "alpha_base": 1e-06,
    "alpha_slope": 5e-10,
    "SS316_T_ref": 92.315,
    "SS316_k_ref": 2.32,
    "SS316_alpha": 0.0013333333333333333
  },
  "rows": [
    {
      "sigma_k": 0.5,
      "threshold_MPa": 110.0,
      "P_exceed": 0.9985,
      "stress_mean": 160.5058097914855,
      "stress_std": 18.930810926010885,
      "stress_p5": 130.31668134031815,
      "stress_p50": 160.17472450359247,
      "stress_p95": 192.45718627176478,
      "stress_pred_mu_mean": 160.6687469482422,
      "stress_pred_sigma_mean": 12.56810639219841,
      "keff_mean": 1.103592054021001,
      "keff_std": 0.0006196760197469467,
      "sample_source": "predictive"
    },
    {
      "sigma_k": 0.5,
      "threshold_MPa": 120.0,
      "P_exceed": 0.98825,
      "stress_mean": 160.5058097914855,
      "stress_std": 18.930810926010885,
      "stress_p5": 130.31668134031815,
      "stress_p50": 160.17472450359247,
      "stress_p95": 192.45718627176478,
      "stress_pred_mu_mean": 160.6687469482422,
      "stress_pred_sigma_mean": 12.56810639219841,
      "keff_mean": 1.103592054021001,
      "keff_std": 0.0006196760197469467,
      "sample_source": "predictive"
    },
    {
      "sigma_k": 0.5,
      "threshold_MPa": 131.0,
      "P_exceed": 0.94605,
      "stress_mean": 160.5058097914855,
      "stress_std": 18.930810926010885,
      "stress_p5": 130.31668134031815,
      "stress_p50": 160.17472450359247,
      "stress_p95": 192.45718627176478,
      "stress_pred_mu_mean": 160.6687469482422,
      "stress_pred_sigma_mean": 12.56810639219841,
      "keff_mean": 1.103592054021001,
      "keff_std": 0.0006196760197469467,
      "sample_source": "predictive"
    },
    {
      "sigma_k": 1.0,
      "threshold_MPa": 110.0,
      "P_exceed": 0.9635,
      "stress_mean": 162.66768296605431,
      "stress_std": 31.681088911815657,
      "stress_p5": 114.02065694057413,
      "stress_p50": 160.88320948307586,
      "stress_p95": 218.1072602774306,
      "stress_pred_mu_mean": 162.66098022460938,
      "stress_pred_sigma_mean": 10.23710671671451,
      "keff_mean": 1.1035692977917904,
      "keff_std": 0.0007730029377592508,
      "sample_source": "predictive"
    },
    {
      "sigma_k": 1.0,
      "threshold_MPa": 120.0,
      "P_exceed": 0.92005,
      "stress_mean": 162.66768296605431,
      "stress_std": 31.681088911815657,
      "stress_p5": 114.02065694057413,
      "stress_p50": 160.88320948307586,
      "stress_p95": 218.1072602774306,
      "stress_pred_mu_mean": 162.66098022460938,
      "stress_pred_sigma_mean": 10.23710671671451,
      "keff_mean": 1.1035692977917904,
      "keff_std": 0.0007730029377592508,
      "sample_source": "predictive"
    },
    {
      "sigma_k": 1.0,
      "threshold_MPa": 131.0,
      "P_exceed": 0.842,
      "stress_mean": 162.66768296605431,
      "stress_std": 31.681088911815657,
      "stress_p5": 114.02065694057413,
      "stress_p50": 160.88320948307586,
      "stress_p95": 218.1072602774306,
      "stress_pred_mu_mean": 162.66098022460938,
      "stress_pred_sigma_mean": 10.23710671671451,
      "keff_mean": 1.1035692977917904,
      "keff_std": 0.0007730029377592508,
      "sample_source": "predictive"
    },
    {
      "sigma_k": 2.0,
      "threshold_MPa": 110.0,
      "P_exceed": 0.8261,
      "stress_mean": 170.42580164174723,
      "stress_std": 65.73291265899634,
      "stress_p5": 74.32873016116234,
      "stress_p50": 164.72558796782124,
      "stress_p95": 288.56688381010423,
      "stress_pred_mu_mean": 170.35317993164062,
      "stress_pred_sigma_mean": 5.093493631693553,
      "keff_mean": 1.1034260068701702,
      "keff_std": 0.0012934603872025814,
      "sample_source": "predictive"
    },
    {
      "sigma_k": 2.0,
      "threshold_MPa": 120.0,
      "P_exceed": 0.7765,
      "stress_mean": 170.42580164174723,
      "stress_std": 65.73291265899634,
      "stress_p5": 74.32873016116234,
      "stress_p50": 164.72558796782124,
      "stress_p95": 288.56688381010423,
      "stress_pred_mu_mean": 170.35317993164062,
      "stress_pred_sigma_mean": 5.093493631693553,
      "keff_mean": 1.1034260068701702,
      "keff_std": 0.0012934603872025814,
      "sample_source": "predictive"
    },
    {
      "sigma_k": 2.0,
      "threshold_MPa": 131.0,
      "P_exceed": 0.7155,
      "stress_mean": 170.42580164174723,
      "stress_std": 65.73291265899634,
      "stress_p5": 74.32873016116234,
      "stress_p50": 164.72558796782124,
      "stress_p95": 288.56688381010423,
      "stress_pred_mu_mean": 170.35317993164062,
      "stress_pred_sigma_mean": 5.093493631693553,
      "keff_mean": 1.1034260068701702,
      "keff_std": 0.0012934603872025814,
      "sample_source": "predictive"
    },
    {
      "sigma_k": 3.0,
      "threshold_MPa": 110.0,
      "P_exceed": 0.75185,
      "stress_mean": 184.3358566426013,
      "stress_std": 106.96892508591571,
      "stress_p5": 31.105331297880458,
      "stress_p50": 171.7339186218129,
      "stress_p95": 378.6693731882441,
      "stress_pred_mu_mean": 184.33984375,
      "stress_pred_sigma_mean": 2.1537417095436577,
      "keff_mean": 1.1031339909647606,
      "keff_std": 0.0019442485796537716,
      "sample_source": "predictive"
    },
    {
      "sigma_k": 3.0,
      "threshold_MPa": 120.0,
      "P_exceed": 0.71315,
      "stress_mean": 184.3358566426013,
      "stress_std": 106.96892508591571,
      "stress_p5": 31.105331297880458,
      "stress_p50": 171.7339186218129,
      "stress_p95": 378.6693731882441,
      "stress_pred_mu_mean": 184.33984375,
      "stress_pred_sigma_mean": 2.1537417095436577,
      "keff_mean": 1.1031339909647606,
      "keff_std": 0.0019442485796537716,
      "sample_source": "predictive"
    },
    {
      "sigma_k": 3.0,
      "threshold_MPa": 131.0,
      "P_exceed": 0.67005,
      "stress_mean": 184.3358566426013,
      "stress_std": 106.96892508591571,
      "stress_p5": 31.105331297880458,
      "stress_p50": 171.7339186218129,
      "stress_p95": 378.6693731882441,
      "stress_pred_mu_mean": 184.33984375,
      "stress_pred_sigma_mean": 2.1537417095436577,
      "keff_mean": 1.1031339909647606,
      "keff_std": 0.0019442485796537716,
      "sample_source": "predictive"
    }
  ]
}