{
  "model_id": "bnn-data-mono",
  "N_base": 4096,
  "N_repeats": 50,
  "n_mc_sobol": 30,
  "CI_level": 0.9,
  "inputs": [
    "E_slope",
    "E_intercept",
    "nu",
    "alpha_base",
    "alpha_slope",
    "SS316_T_ref",
    "SS316_k_ref",
    "SS316_alpha"
  ],
  "outputs": [
    "iteration2_max_global_stress",
    "iteration2_keff"
  ],
  "results": {
    "iteration2_max_global_stress": {
      "S1": {
        "mean": [
          0.04453297237852565,
          0.5043263998356042,
          0.06156171690624687,
          0.23150892709570012,
          0.04159979561724162,
          0.01859749548226601,
          0.055696901552512834,
          -4.8578863370831724e-05
        ],
        "lo": [
          0.035758807824032054,
          0.4984818804527809,
          0.05311223796981024,
          0.2243613778083047,
          0.03269184575347364,
          0.010351392838375849,
          0.04841507563840714,
          -0.007425126447762258
        ],
        "hi": [
          0.05330713693301925,
          0.5101709192184276,
          0.0700111958426835,
          0.23865647638309553,
          0.0505077454810096,
          0.026843598126156172,
          0.06297872746661853,
          0.007327968721020594
        ]
      },
      "ST": {
        "mean": [
          0.04806716410373729,
          0.5251515135624907,
          0.07302624521573971,
          0.2528349365004972,
          0.046464373274560246,
          0.04191835746353096,
          0.07727188130271177,
          0.006821951445499137
        ],
        "lo": [
          0.047095740321715714,
          0.5195358638921121,
          0.07178267132649967,
          0.2484212086662666,
          0.045386849041384764,
          0.040945762687801236,
          0.07552907143030854,
          0.006418695006894111
        ],
        "hi": [
          0.04903858788575887,
          0.5307671632328692,
          0.07426981910497975,
          0.2572486643347278,
          0.04754189750773573,
          0.042890952239260684,
          0.079014691175115,
          0.007225207884104164
        ]
      }
    },
    "iteration2_keff": {
      "S1": {
        "mean": [
          0.004728554340962587,
          0.0013586796185294592,
          0.029034513940012392,
          0.78365199439748,
          0.18646070475262366,
          0.006402652267017384,
          0.009971421360284389,
          0.006172154996539214
        ],
        "lo": [
          -0.004668537819266773,
          -0.009843528232834176,
          0.019176621982587627,
          0.7807115143601169,
          0.17807430868860005,
          -0.0039402886082444775,
          0.0011824773316553641,
          -0.00281863003849074
        ],
        "hi": [
          0.014125646501191948,
          0.012560887469893096,
          0.03889240589743716,
          0.7865924744348431,
          0.19484710081664727,
          0.016745593142279247,
          0.018760365388913413,
          0.015162940031569167
        ]
      },
      "ST": {
        "mean": [
          0.004777756195598067,
          0.006793915749210411,
          0.034000009940246774,
          0.7867561141317758,
          0.18251369853693641,
          0.008913174636249369,
          0.006275975086041017,
          0.006737499717742858
        ],
        "lo": [
          0.004271426333482582,
          0.006233002103576709,
          0.0331097867593464,
          0.7781836543140145,
          0.180278482412067,
          0.008364708494749462,
          0.005820549479266532,
          0.006221960471909341
        ],
        "hi": [
          0.005284086057713551,
          0.0073548293948441125,
          0.03489023312114715,
          0.7953285739495372,
          0.18474891466180582,
          0.009461640777749275,
          0.006731400692815501,
          0.007253038963576376
        ]
      }
    }
  }
}