{
  "seed": 2028,
  "n_test": 459,
  "MAE_mean": 2.7097861645338868,
  "RMSE_mean": 3.570859783695539,
  "R2_mean": 0.7575403766681015,
  "PICP_mean": 0.9716775599128539,
  "MPIW_mean": 17.009419997662608,
  "CRPS_mean": 2.0690628976824206
}