{
  "best_value": 0.3222154378890991,
  "best_params": {
    "width": 143,
    "depth": 4,
    "dropout": 0.02632385676847903,
    "lr": 0.00037793270656237966,
    "wd": 9.816575766502036e-07,
    "batch": 64,
    "epochs": 158,
    "clip": 2.1403554886509712,
    "w_data": 2.858397022197254,
    "w_fp": 0.14425119790965216,
    "w_mono": 0.0010280528843747089,
    "rho_abs_min": 0.24955724336544852,
    "mono_topk": 40
  }
}