{
  "best_value": 0.3123592436313629,
  "best_params": {
    "width": 75,
    "depth": 6,
    "dropout": 0.01341218098087437,
    "lr": 0.0003484801230839428,
    "wd": 7.666798212811861e-05,
    "batch": 32,
    "epochs": 295,
    "clip": 1.6146000995636278,
    "w_data": 1.2815955326428194
  }
}