output,mean,std,q05,q25,q50,q75,q95,min,max
iteration2_keff,1.1034396886825562,0.0006966235814616084,1.102197527885437,1.1029993295669556,1.103487253189087,1.1039246320724487,1.1045314073562622,1.1009382009506226,1.1054649353027344
iteration2_max_fuel_temp,1074.191650390625,6.8100786209106445,1063.896728515625,1069.3447265625,1073.56005859375,1078.588623046875,1086.484375,1055.29150390625,1099.5679931640625
iteration2_max_monolith_temp,1036.0093994140625,7.534751892089844,1024.37451171875,1030.3624267578125,1035.486328125,1041.3658447265625,1049.1768798828125,1015.9784545898438,1059.4029541015625
iteration2_max_global_stress,159.33155822753906,4.746913433074951,149.9895782470703,156.85093688964844,160.29043579101562,162.73037719726562,165.39283752441406,136.00518798828125,169.97190856933594
iteration2_wall2,29.917749404907227,0.022981876507401466,29.876476287841797,29.901655197143555,29.919960021972656,29.93558692932129,29.951608657836914,29.839616775512695,29.965679168701172
