level,tag,output,mean,std,CVR
0,pred,iteration2_keff,1.1034232791110323,0.0014449142703480305,0.0013094832216265354
0,pred,iteration2_max_fuel_temp,1074.2051193179839,10.145759425828238,0.00944489952930946
0,pred,iteration2_max_monolith_temp,1036.0404397219395,11.074129894111543,0.010688897334049725
0,pred,iteration2_max_global_stress,159.66946209718412,31.379426397793534,0.19652741348057018
0,pred,iteration2_wall2,29.917533961896154,0.03134449782654866,0.001047696573737325
