level,tag,output,mean,std,CVR
2,pred,iteration2_keff,1.1034822437953367,0.0012559964212628387,0.0011382117186978398
2,pred,iteration2_max_fuel_temp,1073.784822866969,10.357879751353757,0.009646140950007627
2,pred,iteration2_max_monolith_temp,1035.2739493070778,10.747427841919132,0.010381240491091777
2,pred,iteration2_max_global_stress,153.39417502526143,37.11198970626174,0.24193871573122003
2,pred,iteration2_wall2,29.919794474565624,0.023992686011860574,0.0008019000943424395
