output,mean,std,q05,q25,q50,q75,q95,min,max
iteration2_keff,1.1034789610202023,0.0012585307579196488,1.1013858592038637,1.10269731147722,1.1034998259078082,1.1043103347688223,1.105505491906508,1.0974202860648492,1.1090380515447487
iteration2_max_fuel_temp,1073.8201392232022,10.307649891466014,1059.0456431867344,1066.5223198550418,1072.5431614558483,1080.0828283815415,1092.639565460096,1044.9770594146196,1130.7937579154225
iteration2_max_monolith_temp,1035.3000403182284,10.813130186248676,1021.521514735456,1027.3149493425344,1033.243234099174,1041.3474761607208,1055.9957374410835,1004.001759602384,1103.3430508771942
iteration2_max_global_stress,153.43615421472168,37.10046626200487,96.63216484977329,127.82514981234355,151.19211977606847,176.4886735199418,217.937313445961,38.749980120936144,355.5632713922902
iteration2_wall2,29.919779632446776,0.02394297793944645,29.879458880311432,29.903987140471102,29.92019074595662,29.936135339620257,29.958498191801105,29.826845615571525,30.009536511877513
