output,mean,std,q05,q25,q50,q75,q95,min,max
iteration2_keff,1.1034822437953367,0.0012559964212628387,1.1013796271269038,1.1026994322412602,1.1034970151453596,1.1043116921320457,1.1054815392894115,1.0969280939624697,1.1088425387448315
iteration2_max_fuel_temp,1073.784822866969,10.357879751353757,1059.0136543380295,1066.4504554769308,1072.4843150161569,1079.9775156914645,1092.692359762949,1042.1303055002554,1126.5632638508498
iteration2_max_monolith_temp,1035.2739493070778,10.747427841919132,1021.4721619314837,1027.290855660376,1033.2770045517077,1041.2701842826218,1055.864444165491,1009.7399415591561,1090.5801414276873
iteration2_max_global_stress,153.39417502526143,37.11198970626174,96.88606495751974,127.58387422762934,151.15311465936145,176.5310644147083,218.00431791091557,32.46508073143734,339.7091515583294
iteration2_wall2,29.919794474565624,0.023992686011860574,29.879195217638525,29.90426293454727,29.920272355058152,29.936280594302172,29.958092896778048,29.81900037629796,30.007409093224695
