{
  "PARAM_META": {
    "E_slope": {
      "unit": "Pa/K",
      "meaning": "E(T)=E_slope*T+E_intercept"
    },
    "E_intercept": {
      "unit": "Pa",
      "meaning": "E(T)=E_slope*T+E_intercept"
    },
    "nu": {
      "unit": "-",
      "meaning": "Poisson ratio"
    },
    "alpha_base": {
      "unit": "1/K",
      "meaning": "alpha(T)=alpha_slope*T+alpha_base"
    },
    "alpha_slope": {
      "unit": "1/K^2",
      "meaning": "alpha(T)=alpha_slope*T+alpha_base"
    },
    "SS316_T_ref": {
      "unit": "K",
      "meaning": "T_ref in k(T)=k_slope*(T-T_ref)+k_ref"
    },
    "SS316_k_ref": {
      "unit": "W/(m\u00b7K)",
      "meaning": "k_ref in k(T)"
    },
    "SS316_alpha": {
      "unit": "W/(m\u00b7K^2)",
      "meaning": "k_slope in k(T)"
    }
  },
  "input_stats": {
    "E_slope": {
      "min": -92273915.21049409,
      "max": -52865850.86838541,
      "mean": -69974996.39954112,
      "std": 6733087.4840638405
    },
    "E_intercept": {
      "min": 138739457919.23035,
      "max": 259219271821.1165,
      "mean": 199889873916.42896,
      "std": 19756288697.186535
    },
    "nu": {
      "min": 0.1973291408519364,
      "max": 0.3991218422798363,
      "mean": 0.3094681853312223,
      "std": 0.0303073954194671
    },
    "alpha_base": {
      "min": 6.524645415320756e-06,
      "max": 1.3404303207102693e-05,
      "mean": 1.0026483869217372e-05,
      "std": 1.0166744483370778e-06
    },
    "alpha_slope": {
      "min": 3.442085974661171e-09,
      "max": 6.519052839013034e-09,
      "mean": 4.983368321250954e-09,
      "std": 5.157797653225426e-10
    },
    "SS316_T_ref": {
      "min": 651.6189980551305,
      "max": 1179.5216897450266,
      "mean": 922.7818826175269,
      "std": 94.30867242347644
    },
    "SS316_k_ref": {
      "min": 15.706404318802084,
      "max": 29.92604836333785,
      "mean": 23.237295966347787,
      "std": 2.2591407974752262
    },
    "SS316_alpha": {
      "min": 0.0096271036766408,
      "max": 0.017567712897639,
      "mean": 0.013322999940962539,
      "std": 0.001360097685016663
    }
  },
  "output_stats": {
    "iteration1_avg_fuel_temp": {
      "min": 1000.14,
      "max": 1098.95,
      "mean": 1015.8005655172412,
      "std": 9.899024812168834
    },
    "iteration1_max_fuel_temp": {
      "min": 1074.5,
      "max": 1241.96,
      "mean": 1102.7495172413792,
      "std": 17.10865636841466
    },
    "iteration1_max_monolith_temp": {
      "min": 1035.64,
      "max": 1230.41,
      "mean": 1067.8155448275863,
      "std": 19.749405349749637
    },
    "iteration1_max_global_stress": {
      "min": 99.4,
      "max": 412.5,
      "mean": 204.3761275862069,
      "std": 43.15721772540025
    },
    "iteration1_monolith_new_temperature": {
      "min": 950.4237851494928,
      "max": 985.6295364892396,
      "mean": 955.3048850353514,
      "std": 3.399121806644805
    },
    "iteration1_Hcore_after": {
      "min": 151.7755005690681,
      "max": 174.7475149979565,
      "mean": 152.34887589726412,
      "std": 0.5331812681041612
    },
    "iteration1_wall2": {
      "min": 29.842437933692867,
      "max": 29.9919128136296,
      "mean": 29.922302788823718,
      "std": 0.023206649610501263
    },
    "iteration2_keff": {
      "min": 1.0588471151588963,
      "max": 1.1062030457170848,
      "mean": 1.103533173051459,
      "std": 0.0012315646009183564
    },
    "iteration2_avg_fuel_temp": {
      "min": 992.54,
      "max": 1023.16,
      "mean": 1000.838324137931,
      "std": 3.829167148814864
    },
    "iteration2_max_fuel_temp": {
      "min": 1058.19,
      "max": 1113.7,
      "mean": 1074.2353,
      "std": 7.112787887369051
    },
    "iteration2_max_monolith_temp": {
      "min": 1018.79,
      "max": 1081.76,
      "mean": 1036.6564482758622,
      "std": 8.022790468565976
    },
    "iteration2_max_global_stress": {
      "min": 81.94,
      "max": 293.53,
      "mean": 162.40052758620692,
      "std": 30.487090784704552
    },
    "iteration2_monolith_new_temperature": {
      "min": 948.681022200231,
      "max": 957.8601958534964,
      "mean": 950.7599389540627,
      "std": 1.082805092038213
    },
    "iteration2_Hcore_after": {
      "min": 151.7584127252878,
      "max": 179.16784911781235,
      "mean": 152.34515319394106,
      "std": 0.715204533735547
    },
    "iteration2_wall2": {
      "min": 29.838700617971657,
      "max": 29.98722008356665,
      "mean": 29.91884537630788,
      "std": 0.022921268911426103
    }
  }
}