{
  "level": 0,
  "tag": "fixed_base",
  "test_nll_standardized": 0.903268575668335,
  "primary_outputs": [
    "iteration2_keff",
    "iteration2_max_fuel_temp",
    "iteration2_max_monolith_temp",
    "iteration2_max_global_stress",
    "iteration2_wall2"
  ],
  "primary_metrics": {
    "RMSE_mean": 6.142625331878662,
    "R2_mean": 0.6496223926544189,
    "PICP90_mean": 0.969620253164557,
    "MPIW90_mean": 26.307388448622437,
    "CRPS_mean": 3.5433147020141846
  },
  "all_outputs_RMSE_mean": 5.894139289855957,
  "all_outputs_R2_mean": 0.6858047008514404
}