level,test_nll_std,RMSE_mean_primary,R2_mean_primary,PICP90_mean_primary,MPIW90_mean_primary,CRPS_mean_primary,stress_RMSE,stress_R2,stress_PICP90,keff_RMSE,keff_R2,keff_PICP90
0,0.35900554060935974,3.522188901901245,0.7898677110671997,0.9333333333333332,12.20424336945541,1.9850332592135682,7.931155204772949,0.9288990497589111,0.9310344827586207,0.00026244192849844694,0.8649820685386658,0.9563218390804598
2,0.30482104420661926,3.50016450881958,0.7945133924484253,0.9333333333333333,11.81852116921871,1.9481438790682097,7.907318592071533,0.9293258190155029,0.9126436781609195,0.00025361895677633584,0.8739078044891357,0.9747126436781609
