level,test_nll_std,RMSE_mean_primary,R2_mean_primary,PICP90_mean_primary,MPIW90_mean_primary,CRPS_mean_primary
0,0.903268575668335,6.142625331878662,0.6496223926544189,0.969620253164557,26.307388448622437,3.5433147020141846
2,0.9661728739738464,6.089869499206543,0.6512905955314636,0.9858227848101265,28.079141776668433,3.5284485128699536
