{
  "experiment": "D1_nominal_risk",
  "model_id": "bnn-data-mono-ineq",
  "model_class": "BayesianMLP",
  "n_mc_eval": 50,
  "N_samples": 20000,
  "sigma_k_list": [
    0.5,
    1.0,
    1.5,
    2.0
  ],
  "threshold_sweep_MPa": [
    110.0,
    120.0,
    131.0
  ],
  "draw_predictive": true,
  "design_nominal": {
    "E_slope": -70000000.0,
    "E_intercept": 200000000000.0,
    "nu": 0.31,
    "alpha_base": 1e-05,
    "alpha_slope": 5e-09,
    "SS316_T_ref": 923.15,
    "SS316_k_ref": 23.2,
    "SS316_alpha": 0.013333333333333334
  },
  "design_sigma_1sigma": {
    "E_slope": 7000000.0,
    "E_intercept": 20000000000.0,
    "nu": 0.031,
    "alpha_base": 1e-06,
    "alpha_slope": 5e-10,
    "SS316_T_ref": 92.315,
    "SS316_k_ref": 2.32,
    "SS316_alpha": 0.0013333333333333333
  },
  "rows": [
    {
      "sigma_k": 0.5,
      "threshold_MPa": 110.0,
      "P_exceed": 0.988,
      "stress_mean": 160.50119954184365,
      "stress_std": 23.174755824468235,
      "stress_p5": 123.3378667861008,
      "stress_p50": 160.13018155920327,
      "stress_p95": 199.37556002284245,
      "stress_pred_mu_mean": 160.7240352607585,
      "stress_pred_sigma_mean": 17.20113720899299,
      "stress_pred_epistemic_mean": 6.990776667845177,
      "stress_pred_aleatoric_mean": 15.68744754558646,
      "keff_mean": 1.1036033963902963,
      "keff_std": 0.0008805647143875033,
      "sample_source": "predictive"
    },
    {
      "sigma_k": 0.5,
      "threshold_MPa": 120.0,
      "P_exceed": 0.96335,
      "stress_mean": 160.50119954184365,
      "stress_std": 23.174755824468235,
      "stress_p5": 123.3378667861008,
      "stress_p50": 160.13018155920327,
      "stress_p95": 199.37556002284245,
      "stress_pred_mu_mean": 160.7240352607585,
      "stress_pred_sigma_mean": 17.20113720899299,
      "stress_pred_epistemic_mean": 6.990776667845177,
      "stress_pred_aleatoric_mean": 15.68744754558646,
      "keff_mean": 1.1036033963902963,
      "keff_std": 0.0008805647143875033,
      "sample_source": "predictive"
    },
    {
      "sigma_k": 0.5,
      "threshold_MPa": 131.0,
      "P_exceed": 0.9014,
      "stress_mean": 160.50119954184365,
      "stress_std": 23.174755824468235,
      "stress_p5": 123.3378667861008,
      "stress_p50": 160.13018155920327,
      "stress_p95": 199.37556002284245,
      "stress_pred_mu_mean": 160.7240352607585,
      "stress_pred_sigma_mean": 17.20113720899299,
      "stress_pred_epistemic_mean": 6.990776667845177,
      "stress_pred_aleatoric_mean": 15.68744754558646,
      "keff_mean": 1.1036033963902963,
      "keff_std": 0.0008805647143875033,
      "sample_source": "predictive"
    },
    {
      "sigma_k": 1.0,
      "threshold_MPa": 110.0,
      "P_exceed": 0.9409,
      "stress_mean": 162.53458684782348,
      "stress_std": 35.533279652511006,
      "stress_p5": 107.38769248116692,
      "stress_p50": 160.52556317592308,
      "stress_p95": 224.12312345259366,
      "stress_pred_mu_mean": 162.5034013696908,
      "stress_pred_sigma_mean": 19.542005263911577,
      "stress_pred_epistemic_mean": 10.798783973341072,
      "stress_pred_aleatoric_mean": 16.16194242618511,
      "keff_mean": 1.103594407929959,
      "keff_std": 0.0010680071469975807,
      "sample_source": "predictive"
    },
    {
      "sigma_k": 1.0,
      "threshold_MPa": 120.0,
      "P_exceed": 0.8928,
      "stress_mean": 162.53458684782348,
      "stress_std": 35.533279652511006,
      "stress_p5": 107.38769248116692,
      "stress_p50": 160.52556317592308,
      "stress_p95": 224.12312345259366,
      "stress_pred_mu_mean": 162.5034013696908,
      "stress_pred_sigma_mean": 19.542005263911577,
      "stress_pred_epistemic_mean": 10.798783973341072,
      "stress_pred_aleatoric_mean": 16.16194242618511,
      "keff_mean": 1.103594407929959,
      "keff_std": 0.0010680071469975807,
      "sample_source": "predictive"
    },
    {
      "sigma_k": 1.0,
      "threshold_MPa": 131.0,
      "P_exceed": 0.8157,
      "stress_mean": 162.53458684782348,
      "stress_std": 35.533279652511006,
      "stress_p5": 107.38769248116692,
      "stress_p50": 160.52556317592308,
      "stress_p95": 224.12312345259366,
      "stress_pred_mu_mean": 162.5034013696908,
      "stress_pred_sigma_mean": 19.542005263911577,
      "stress_pred_epistemic_mean": 10.798783973341072,
      "stress_pred_aleatoric_mean": 16.16194242618511,
      "keff_mean": 1.103594407929959,
      "keff_std": 0.0010680071469975807,
      "sample_source": "predictive"
    },
    {
      "sigma_k": 1.5,
      "threshold_MPa": 110.0,
      "P_exceed": 0.8954,
      "stress_mean": 162.37618017793812,
      "stress_std": 43.60991760602368,
      "stress_p5": 96.68276366335783,
      "stress_p50": 159.5760121066381,
      "stress_p95": 238.14645401956398,
      "stress_pred_mu_mean": 162.1628152212306,
      "stress_pred_sigma_mean": 22.655229444831157,
      "stress_pred_epistemic_mean": 15.08883336243777,
      "stress_pred_aleatoric_mean": 16.681921508064207,
      "keff_mean": 1.1036154547720125,
      "keff_std": 0.0013753263182510512,
      "sample_source": "predictive"
    },
    {
      "sigma_k": 1.5,
      "threshold_MPa": 120.0,
      "P_exceed": 0.8363,
      "stress_mean": 162.37618017793812,
      "stress_std": 43.60991760602368,
      "stress_p5": 96.68276366335783,
      "stress_p50": 159.5760121066381,
      "stress_p95": 238.14645401956398,
      "stress_pred_mu_mean": 162.1628152212306,
      "stress_pred_sigma_mean": 22.655229444831157,
      "stress_pred_epistemic_mean": 15.08883336243777,
      "stress_pred_aleatoric_mean": 16.681921508064207,
      "keff_mean": 1.1036154547720125,
      "keff_std": 0.0013753263182510512,
      "sample_source": "predictive"
    },
    {
      "sigma_k": 1.5,
      "threshold_MPa": 131.0,
      "P_exceed": 0.75885,
      "stress_mean": 162.37618017793812,
      "stress_std": 43.60991760602368,
      "stress_p5": 96.68276366335783,
      "stress_p50": 159.5760121066381,
      "stress_p95": 238.14645401956398,
      "stress_pred_mu_mean": 162.1628152212306,
      "stress_pred_sigma_mean": 22.655229444831157,
      "stress_pred_epistemic_mean": 15.08883336243777,
      "stress_pred_aleatoric_mean": 16.681921508064207,
      "keff_mean": 1.1036154547720125,
      "keff_std": 0.0013753263182510512,
      "sample_source": "predictive"
    },
    {
      "sigma_k": 2.0,
      "threshold_MPa": 110.0,
      "P_exceed": 0.86135,
      "stress_mean": 164.7535693304318,
      "stress_std": 53.65891631923131,
      "stress_p5": 87.14318295025186,
      "stress_p50": 159.84832157458914,
      "stress_p95": 258.43019982165225,
      "stress_pred_mu_mean": 164.7251890885995,
      "stress_pred_sigma_mean": 27.348753361312532,
      "stress_pred_epistemic_mean": 20.616787822867327,
      "stress_pred_aleatoric_mean": 17.63274403733037,
      "keff_mean": 1.1034800819846757,
      "keff_std": 0.0016686107410006268,
      "sample_source": "predictive"
    },
    {
      "sigma_k": 2.0,
      "threshold_MPa": 120.0,
      "P_exceed": 0.80125,
      "stress_mean": 164.7535693304318,
      "stress_std": 53.65891631923131,
      "stress_p5": 87.14318295025186,
      "stress_p50": 159.84832157458914,
      "stress_p95": 258.43019982165225,
      "stress_pred_mu_mean": 164.7251890885995,
      "stress_pred_sigma_mean": 27.348753361312532,
      "stress_pred_epistemic_mean": 20.616787822867327,
      "stress_pred_aleatoric_mean": 17.63274403733037,
      "keff_mean": 1.1034800819846757,
      "keff_std": 0.0016686107410006268,
      "sample_source": "predictive"
    },
    {
      "sigma_k": 2.0,
      "threshold_MPa": 131.0,
      "P_exceed": 0.7254,
      "stress_mean": 164.7535693304318,
      "stress_std": 53.65891631923131,
      "stress_p5": 87.14318295025186,
      "stress_p50": 159.84832157458914,
      "stress_p95": 258.43019982165225,
      "stress_pred_mu_mean": 164.7251890885995,
      "stress_pred_sigma_mean": 27.348753361312532,