{
  "MAE_mean": 2.713080189089317,
  "RMSE_mean": 3.569951700731056,
  "R2_mean": 0.7581358844896935,
  "PICP_mean": 0.9409961685823753,
  "MPIW_mean": 13.0171835309084,
  "CRPS_mean": 1.967343501447228
}