{
  "level": 0,
  "tag": "fixed_base",
  "best_value": 2.828225612640381,
  "best_params": {
    "width": 88,
    "depth": 8,
    "dropout": 0.033641485100781535,
    "lr": 0.0003192254425731603,
    "wd": 4.679479005947858e-06,
    "batch": 64,
    "epochs": 168,
    "clip": 2.540572246789144,
    "w_data": 0.6398293579371558
  }
}