{
  "level": 0,
  "tag": "fixed_base",
  "input_cols": [
    "E_slope",
    "E_intercept",
    "nu",
    "alpha_base",
    "alpha_slope",
    "SS316_T_ref",
    "SS316_k_ref",
    "SS316_alpha"
  ],
  "output_cols": [
    "iteration1_avg_fuel_temp",
    "iteration1_max_fuel_temp",
    "iteration1_max_monolith_temp",
    "iteration1_max_global_stress",
    "iteration1_monolith_new_temperature",
    "iteration1_Hcore_after",
    "iteration1_wall2",
    "iteration2_keff",
    "iteration2_avg_fuel_temp",
    "iteration2_max_fuel_temp",
    "iteration2_max_monolith_temp",
    "iteration2_max_global_stress",
    "iteration2_monolith_new_temperature",
    "iteration2_Hcore_after",
    "iteration2_wall2"
  ],
  "input_stats": {
    "E_slope": {
      "mean": -70048048.68608811,
      "std": 6746563.702043066,
      "min": -92273915.21049409,
      "max": -52865850.86838541
    },
    "E_intercept": {
      "mean": 199854369579.98975,
      "std": 19544553264.146248,
      "min": 138739457919.23035,
      "max": 259219271821.1165
    },
    "nu": {
      "mean": 0.30945256595191395,
      "std": 0.030381990995755205,
      "min": 0.1973291408519364,
      "max": 0.3991218422798363
    },
    "alpha_base": {
      "mean": 1.0028055412262187e-05,
      "std": 1.0254273604432078e-06,
      "min": 6.524645415320756e-06,
      "max": 1.3404303207102693e-05
    },
    "alpha_slope": {
      "mean": 4.984812025862129e-09,
      "std": 5.184194757898146e-10,
      "min": 3.442085974661171e-09,
      "max": 6.519052839013034e-09
    },
    "SS316_T_ref": {
      "mean": 923.4697675767507,
      "std": 95.78856903124591,
      "min": 651.6189980551305,
      "max": 1179.5216897450266
    },
    "SS316_k_ref": {
      "mean": 23.213712730406833,
      "std": 2.2708464361829033,
      "min": 15.706404318802084,
      "max": 29.92604836333785
    },
    "SS316_alpha": {
      "mean": 0.013316446781975032,
      "std": 0.0013790601470684229,
      "min": 0.0096271036766408,
      "max": 0.017567712897639
    }
  },
  "output_stats": {
    "iteration1_avg_fuel_temp": {
      "mean": 1015.882517110266,
      "std": 10.048808860739129,
      "min": 1000.14,
      "max": 1098.95
    },
    "iteration1_max_fuel_temp": {
      "mean": 1102.8890000000001,
      "std": 17.357323978425224,
      "min": 1074.5,
      "max": 1241.96
    },
    "iteration1_max_monolith_temp": {
      "mean": 1067.977247148289,
      "std": 20.04091061686984,
      "min": 1035.64,
      "max": 1230.41
    },
    "iteration1_max_global_stress": {
      "mean": 204.41825095057035,
      "std": 43.07037699518506,
      "min": 99.4,
      "max": 412.5
    },
    "iteration1_monolith_new_temperature": {
      "mean": 955.3340085230031,
      "std": 3.4545905710236826,
      "min": 950.4237851494928,
      "max": 985.6295364892396
    },
    "iteration1_Hcore_after": {
      "mean": 152.35105448298373,
      "std": 0.5577653427433112,
      "min": 151.7755005690681,
      "max": 174.7475149979565
    },
    "iteration1_wall2": {
      "mean": 29.922385190115516,
      "std": 0.02357940614461016,
      "min": 29.842437933692867,
      "max": 29.9919128136296
    },
    "iteration2_keff": {
      "mean": 1.1035280977874606,
      "std": 0.0012775523742529994,
      "min": 1.0588471151588963,
      "max": 1.1062030457170848
    },
    "iteration2_avg_fuel_temp": {
      "mean": 1000.8662965779469,
      "std": 3.872781058718859,
      "min": 992.54,
      "max": 1023.16
    },
    "iteration2_max_fuel_temp": {
      "mean": 1074.285505703422,
      "std": 7.192849794505463,
      "min": 1058.19,
      "max": 1113.7
    },
    "iteration2_max_monolith_temp": {
      "mean": 1036.7142813688213,
      "std": 8.111452617812773,
      "min": 1018.79,
      "max": 1081.76
    },
    "iteration2_max_global_stress": {
      "mean": 162.34798098859315,
      "std": 30.2444348020249,
      "min": 81.94,
      "max": 293.53
    },
    "iteration2_monolith_new_temperature": {
      "mean": 950.7683927818534,
      "std": 1.0966199387583464,
      "min": 948.681022200231,
      "max": 957.8601958534964
    },
    "iteration2_Hcore_after": {
      "mean": 152.34567234409508,
      "std": 0.7364880039764513,
      "min": 151.7584127252878,
      "max": 179.16784911781235
    },
    "iteration2_wall2": {
      "mean": 29.918914411036067,
      "std": 0.023306890717838945,
      "min": 29.838700617971657,
      "max": 29.98722008356665
    }
  }
}