{
  "level": 0,
  "tag": "fixed_base",
  "input_cols": [
    "E_slope",
    "E_intercept",
    "nu",
    "alpha_base",
    "alpha_slope",
    "SS316_T_ref",
    "SS316_k_ref",
    "SS316_alpha"
  ],
  "output_cols": [
    "iteration1_avg_fuel_temp",
    "iteration1_max_fuel_temp",
    "iteration1_max_monolith_temp",
    "iteration1_max_global_stress",
    "iteration1_monolith_new_temperature",
    "iteration1_Hcore_after",
    "iteration1_wall2",
    "iteration2_keff",
    "iteration2_avg_fuel_temp",
    "iteration2_max_fuel_temp",
    "iteration2_max_monolith_temp",
    "iteration2_max_global_stress",
    "iteration2_monolith_new_temperature",
    "iteration2_Hcore_after",
    "iteration2_wall2"
  ],
  "input_stats": {
    "E_slope": {
      "mean": -69974996.39954112,
      "std": 6733087.4840638405,
      "min": -92273915.21049409,
      "max": -52865850.86838541
    },
    "E_intercept": {
      "mean": 199889873916.42896,
      "std": 19756288697.18653,
      "min": 138739457919.23035,
      "max": 259219271821.1165
    },
    "nu": {
      "mean": 0.3094681853312223,
      "std": 0.030307395418467102,
      "min": 0.1973291408519364,
      "max": 0.3991218422798363
    },
    "alpha_base": {
      "mean": 1.0026483869217372e-05,
      "std": 1.0166734483370778e-06,
      "min": 6.524645415320756e-06,
      "max": 1.3404303207102693e-05
    },
    "alpha_slope": {
      "mean": 4.983368321250954e-09,
      "std": 5.147797653225426e-10,
      "min": 3.442085974661171e-09,
      "max": 6.519052839013034e-09
    },
    "SS316_T_ref": {
      "mean": 922.7818826175269,
      "std": 94.30867242347544,
      "min": 651.6189980551305,
      "max": 1179.5216897450266
    },
    "SS316_k_ref": {
      "mean": 23.237295966347787,
      "std": 2.259140797474226,
      "min": 15.706404318802084,
      "max": 29.92604836333785
    },
    "SS316_alpha": {
      "mean": 0.013322999940962539,
      "std": 0.0013600976840166632,
      "min": 0.0096271036766408,
      "max": 0.017567712897639
    }
  },
  "output_stats": {
    "iteration1_avg_fuel_temp": {
      "mean": 1015.8005655172412,
      "std": 9.899024812167832,
      "min": 1000.14,
      "max": 1098.95
    },
    "iteration1_max_fuel_temp": {
      "mean": 1102.7495172413794,
      "std": 17.108656368413662,
      "min": 1074.5,
      "max": 1241.96
    },
    "iteration1_max_monolith_temp": {
      "mean": 1067.8155448275863,
      "std": 19.74940534974864,
      "min": 1035.64,
      "max": 1230.41
    },
    "iteration1_max_global_stress": {
      "mean": 204.3761275862069,
      "std": 43.15721772539924,
      "min": 99.4,
      "max": 412.5
    },
    "iteration1_monolith_new_temperature": {
      "mean": 955.3048850353512,
      "std": 3.3991218066438047,
      "min": 950.4237851494928,
      "max": 985.6295364892396
    },
    "iteration1_Hcore_after": {
      "mean": 152.34887589726412,
      "std": 0.5331812681031612,
      "min": 151.7755005690681,
      "max": 174.7475149979565
    },
    "iteration1_wall2": {
      "mean": 29.922302788823718,
      "std": 0.023206649609501265,
      "min": 29.842437933692867,
      "max": 29.9919128136296
    },
    "iteration2_keff": {
      "mean": 1.103533173051459,
      "std": 0.0012315645999183564,
      "min": 1.0588471151588963,
      "max": 1.1062030457170848
    },
    "iteration2_avg_fuel_temp": {
      "mean": 1000.8383241379311,
      "std": 3.829167148813864,
      "min": 992.54,
      "max": 1023.16
    },
    "iteration2_max_fuel_temp": {
      "mean": 1074.2353,
      "std": 7.112787887368051,
      "min": 1058.19,
      "max": 1113.7
    },
    "iteration2_max_monolith_temp": {
      "mean": 1036.6564482758622,
      "std": 8.022790468564976,
      "min": 1018.79,
      "max": 1081.76
    },
    "iteration2_max_global_stress": {
      "mean": 162.40052758620692,
      "std": 30.487090784703554,
      "min": 81.94,
      "max": 293.53
    },
    "iteration2_monolith_new_temperature": {
      "mean": 950.7599389540627,
      "std": 1.082805092037213,
      "min": 948.681022200231,
      "max": 957.8601958534964
    },
    "iteration2_Hcore_after": {
      "mean": 152.3451531939411,
      "std": 0.7152045337345471,
      "min": 151.7584127252878,
      "max": 179.16784911781235
    },
    "iteration2_wall2": {
      "mean": 29.91884537630788,
      "std": 0.022921268910426104,
      "min": 29.838700617971657,
      "max": 29.98722008356665
    }
  }
}