{
  "level": 0,
  "tag": "fixed_base",
  "test_nll_standardized": 0.35900554060935974,
  "primary_outputs": [
    "iteration2_keff",
    "iteration2_max_fuel_temp",
    "iteration2_max_monolith_temp",
    "iteration2_max_global_stress",
    "iteration2_wall2"
  ],
  "primary_metrics": {
    "RMSE_mean": 3.522188901901245,
    "R2_mean": 0.7898677229881287,
    "PICP90_mean": 0.9333333333333332,
    "MPIW90_mean": 12.204243360889588,
    "CRPS_mean": 1.985033172797014
  },
  "all_outputs_RMSE_mean": 3.583746910095215,
  "all_outputs_R2_mean": 0.7532432754834493
}