level,output,MAE,RMSE,R2,PICP90,MPIW90,CRPS
0,iteration2_keff,0.00029177151736803353,0.0003752092598006129,0.7388721704483032,1.0,0.0038968857363908247,0.0003284842778038902
0,iteration2_max_fuel_temp,3.5735154151916504,4.602628231048584,0.570277214050293,0.9493670886075949,19.5353513133846,2.652069984465859
0,iteration2_max_monolith_temp,4.016718864440918,5.2154998779296875,0.5661434531211853,0.9544303797468354,22.30845932176565,2.985283820757005
0,iteration2_max_global_stress,16.99913787841797,20.886619567871094,0.4804268479347229,0.9544303797468354,89.63283690087944,12.073487699275972
0,iteration2_wall2,0.006149190478026867,0.008003984577953815,0.8923922777175903,0.9898734177215189,0.056397821346115005,0.005403521294284038
