level,run_tag,output,MAE,RMSE,R2,PICP90,MPIW90,CRPS
0,fixed_base,iteration2_keff,0.00047133059706538916,0.0005819224170409143,0.37188899517059326,1.0,0.004156150686548783,0.00039844056901209847
0,fixed_base,iteration2_max_fuel_temp,4.11744499206543,5.239797592163086,0.44306379556655884,0.9822784810126582,23.48490020469551,3.004599648973697
0,fixed_base,iteration2_max_monolith_temp,4.608759880065918,5.932220458984375,0.4387078285217285,0.979746835443038,26.15193718736326,3.3788140851947435
0,fixed_base,iteration2_max_global_stress,22.62102699279785,27.662614822387695,0.08862513303756714,0.9468354430379747,100.47706462149735,15.770555565707449
0,fixed_base,iteration2_wall2,0.013767353259027004,0.01720714569091797,0.5026653409004211,0.9746835443037974,0.07290638713449453,0.009929848072911744
