level,output,MAE,RMSE,R2,PICP90,MPIW90,CRPS
0,iteration2_keff,0.00020661327289417386,0.00026244192849844694,0.8649820685386658,0.9563218390804598,0.0011477204577804584,0.00015276707361809876
0,iteration2_max_fuel_temp,3.6410741806030273,4.547885417938232,0.5801082253456116,0.8850574712643678,14.289874509261795,2.5667636345944973
0,iteration2_max_monolith_temp,4.0943193435668945,5.130188941955566,0.5789793133735657,0.8942528735632184,16.35846143678409,2.8837827271788115
0,iteration2_max_global_stress,6.250023365020752,7.931155681610107,0.9288990497589111,0.9310344827586207,30.359931791742166,4.473391827878479
0,iteration2_wall2,0.0011741506168618798,0.0014516590163111687,0.9963699579238892,1.0,0.011801346202113545,0.0010749072596660336
