{
  "model_id": "bnn-baseline",
  "N_base": 4096,
  "N_repeats": 50,
  "n_mc_sobol": 30,
  "CI_level": 0.9,
  "inputs": [
    "E_slope",
    "E_intercept",
    "nu",
    "alpha_base",
    "alpha_slope",
    "SS316_T_ref",
    "SS316_k_ref",
    "SS316_alpha"
  ],
  "outputs": [
    "iteration2_max_global_stress",
    "iteration2_keff"
  ],
  "results": {
    "iteration2_max_global_stress": {
      "S1": {
        "mean": [
          0.039598842292601084,
          0.5817699372836238,
          0.050314461309533876,
          0.15485342390907136,
          0.036707058581030065,
          0.023148820255933577,
          0.07284981364019907,
          0.0019118624709367426
        ],
        "lo": [
          0.03329091361092455,
          0.5771343378668954,
          0.04288934375400691,
          0.14840808034236067,
          0.02950785201398998,
          0.01574965514610796,
          0.0662976192245558,
          -0.005063118867649983
        ],
        "hi": [
          0.045906770974277616,
          0.5864055367003522,
          0.05773957886506084,
          0.16129876747578206,
          0.043906265148070146,
          0.030547985365759193,
          0.07940200805584234,
          0.00888684380952347
        ]
      },
      "ST": {
        "mean": [
          0.04626778373240554,
          0.6007038542679534,
          0.05492283474338141,
          0.17401035257908887,
          0.03709699756183204,
          0.03704560046823297,
          0.09784598410171146,
          0.007802946388290594
        ],
        "lo": [
          0.04546084461175219,
          0.5951416132904579,
          0.05374953488970294,
          0.1716036875008956,
          0.03628077058119947,
          0.03602659512739573,
          0.09587402790531165,
          0.007427515987445609
        ],
        "hi": [
          0.04707472285305889,
          0.6062660952454488,
          0.05609613459705988,
          0.17641701765728213,
          0.03791322454246461,
          0.038064605809070215,
          0.09981794029811127,
          0.00817837678913558
        ]
      }
    },
    "iteration2_keff": {
      "S1": {
        "mean": [
          0.002106572374023723,
          0.005448356606035762,
          0.019360471177772027,
          0.7777324334978498,
          0.18050349312628916,
          0.0003149885549477482,
          0.004461634986915366,
          -0.0012300193062860431
        ],
        "lo": [
          -0.008366668526275194,
          -0.004847476949591679,
          0.00884285757953204,
          0.7747741823828688,
          0.17061802959097538,
          -0.010352441371193377,
          -0.006788276289835228,
          -0.010487993901179278
        ],
        "hi": [
          0.01257981327432264,
          0.015744190161663202,
          0.029878084776012014,
          0.7806906846128309,
          0.19038895666160294,
          0.010982418481088873,
          0.01571154626366596,
          0.00802795528860719
        ]
      },
      "ST": {
        "mean": [
          0.005361525336641447,
          0.0061760699521303045,
          0.031448587545477746,
          0.7844960498463699,
          0.18690839828511308,
          0.008649095490403696,
          0.008704013053159548,
          0.008745147439334394
        ],
        "lo": [
          0.004880641735903919,
          0.005632068638193215,
          0.030367374341634765,
          0.7757382796556922,
          0.1842492601719497,
          0.007881708919771477,
          0.007967219986743945,
          0.008141467322288098
        ],
        "hi": [
          0.005842408937378975,
          0.006720071266067394,
          0.03252980074932073,
          0.7932538200370476,
          0.18956753639827645,
          0.009416482061035914,
          0.009440806119575151,
          0.009348827556380689
        ]
      }
    }
  }
}