{
  "MAE_mean": 2.771375640726028,
  "RMSE_mean": 3.555617768680745,
  "R2_mean": 0.7581644535156384,
  "PICP_mean": 0.9693486590038315,
  "MPIW_mean": 16.29636145066392,
  "CRPS_mean": 2.0627088335014485
}