{
  "seed": 2027,
  "n_test": 502,
  "MAE_mean": 2.3926616025217684,
  "RMSE_mean": 3.211442963870227,
  "R2_mean": 0.84067431683597,
  "PICP_mean": 0.9669322709163347,
  "MPIW_mean": 14.086304414440749,
  "CRPS_mean": 1.7745836258540821
}