{
  "seed": 2028,
  "n_test": 459,
  "MAE_mean": 2.7768182482322956,
  "RMSE_mean": 3.561259794133116,
  "R2_mean": 0.7570017554409144,
  "PICP_mean": 0.9713870733478576,
  "MPIW_mean": 16.031348276934892,
  "CRPS_mean": 2.035430499234235
}