{
  "seed": 2028,
  "n_test": 502,
  "MAE_mean": 2.784894394388525,
  "RMSE_mean": 3.691576754161394,
  "R2_mean": 0.7379419610042703,
  "PICP_mean": 0.9496679946879151,
  "MPIW_mean": 14.555885194830548,
  "CRPS_mean": 2.034655594045586
}