seed,n_test,MAE_mean,RMSE_mean,R2_mean,PICP_mean,MPIW_mean,CRPS_mean
2026,502,2.4061516519359167,3.4010145196626667,0.7698707559824567,0.9687915006640107,14.7468755571802,1.8343467220190761
2027,502,2.382739555989278,3.3288849678242385,0.8325650257975545,0.9725099601593626,14.38876147313825,1.8085815981689082
2028,502,2.745398590297161,3.772319478881353,0.731931629000085,0.948871181938911,14.561876104115408,2.0491287282379487
2029,502,2.5249249188003495,3.4421706490533532,0.764548618634645,0.9648074369189907,14.206647673874699,1.8872771772839683
2030,502,2.460569821124584,3.413516107039692,0.7203197290970291,0.9691899070385126,14.453098144835911,1.8540120245429832
