seed,n_test,MAE_mean,RMSE_mean,R2_mean,PICP_mean,MPIW_mean,CRPS_mean
2026,459,2.6580405202072543,3.448182966508416,0.6961570386336984,0.9648511256354391,15.084966535170308,1.9663485508493435
2027,459,2.3843704615428063,3.199744433800044,0.6936309680982887,0.9758896151053013,14.948304412478327,1.8088853735942385
2028,459,2.7038594021133,3.553647844983004,0.7604042095286591,0.9632534495279592,15.213982423950815,1.9995702364696428
2029,459,2.5823933712374143,3.354829045580944,0.8023804742677849,0.9776325344952796,15.345355314439464,1.8952990716241906
2030,459,2.5843750310064877,3.4704126229762973,0.7834080087443377,0.9694989106753814,15.629856817564551,1.9411409592839297
