{
  "MAE_mean": 2.7417538969556188,
  "RMSE_mean": 3.5929634550036567,
  "R2_mean": 0.7550383155915317,
  "PICP_mean": 0.9347126436781609,
  "MPIW_mean": 12.812444762095847,
  "CRPS_mean": 1.983491915320365
}