{
  "level0": {
    "best_value": -0.009183021262288094,
    "best_params": {
      "width": 158,
      "depth": 4,
      "dropout": 0.16315315402145844,
      "lr": 0.002416253130294996,
      "wd": 4.906028511382153e-05,
      "batch": 64,
      "epochs": 204,
      "w_data": 1.8195835210405698,
      "clip": 2.4743229251324466
    }
  },
  "level1": {
    "best_value": -0.018451064825057983,
    "best_params": {
      "width": 170,
      "depth": 4,
      "dropout": 0.09302758470913056,
      "lr": 0.0013256374639603785,
      "wd": 8.540081774406543e-07,
      "batch": 32,
      "epochs": 283,
      "w_data": 1.1642838923916203,
      "w_fp": 0.010868355299435764,
      "clip": 3.9570900364286454
    }
  },
  "level2": {
    "best_value": -0.015681862831115723,
    "best_params": {
      "width": 185,
      "depth": 5,
      "dropout": 0.14920285867015698,
      "lr": 0.002654231069018229,
      "wd": 0.00018219336353974272,
      "batch": 64,
      "epochs": 285,
      "w_data": 0.789592429889198,
      "w_fp": 0.007144290208834779,
      "w_mono": 0.002519675866354583,
      "rho_abs_min": 0.3803320756110789,
      "mono_topk": 30,
      "clip": 4.994881406373424
    }
  },
  "level4": {
    "best_value": -0.022095300257205963,
    "best_params": {
      "width": 178,
      "depth": 5,
      "dropout": 0.10573405235673558,
      "lr": 0.002288938961851999,
      "wd": 7.673528597898245e-08,
      "batch": 64,
      "epochs": 195,
      "w_data": 0.8168833026725082,
      "w_fp": 1.212878296888444,
      "w_mono": 0.022455030553711074,
      "w_ineq": 0.0032094212505212145,
      "rho_abs_min": 0.5042734133242945,
      "mono_topk": 18,
      "use_boot": false,
      "clip": 3.2297264451027905,
      "w_shift": 1.582926644736921,
      "eps_band": 0.24815443025974582,
      "w_logvar": 0.00013660308021046146,
      "logvar_floor": -13.594478465823407
    }
  }
}