{
  "best_value": 1.0565516948699951,
  "best_params": {
    "width": 170,
    "depth": 4,
    "dropout": 0.08687421166445382,
    "lr": 0.002995346739627203,
    "wd": 4.114350686165189e-06,
    "batch": 128,
    "epochs": 235,
    "clip": 3.306428775470166,
    "w_data": 2.4202228927031344
  }
}