{
  "best_value": 1.0675294399261475,
  "best_params": {
    "width": 220,
    "depth": 4,
    "dropout": 0.13257779549350573,
    "lr": 0.002211387919258694,
    "wd": 9.500549148222759e-08,
    "batch": 128,
    "epochs": 237,
    "clip": 0.7492898095961282,
    "w_data": 1.6212339583723925,
    "w_fp": 0.0010254325419609511,
    "w_mono": 0.4339504610992631,
    "w_ineq": 0.06417131030784626,
    "rho_abs_min": 0.25999207631149823,
    "mono_topk": 89,
    "use_boot": true,
    "boot_B": 40,
    "boot_frac": 0.6789262450398533,
    "boot_stable_min": 0.8192702506018116,
    "w_shift": 0.07550904703288884,
    "eps_band": 0.7990838356916948,
    "w_logvar": 6.111799808495619e-05,
    "logvar_floor": -6.0005183855462185
  }
}