{
  "best_value": 0.08153531700372696,
  "best_params": {
    "width": 111,
    "depth": 5,
    "dropout": 0.083229903707128,
    "lr": 0.0022912395052617335,
    "wd": 1.060743950609409e-07,
    "batch": 64,
    "epochs": 91,
    "w_data": 1.1194024149590946,
    "w_fp": 0.003970834825233075,
    "w_mono": 0.02009203159690987,
    "w_ineq": 0.0007275707168548955,
    "rho_abs_min": 0.35138644146937104,
    "mono_topk": 97,
    "clip": 2.6959879540367706
  }
}