{
  "best_value": 0.9162517189979553,
  "best_params": {
    "width": 209,
    "depth": 3,
    "dropout": 0.03399190809743802,
    "lr": 0.002764018163661756,
    "wd": 1.02798283785688e-08,
    "batch": 128,
    "epochs": 300,
    "clip": 1.452621749114277,
    "w_data": 1.1778997003449259,
    "w_fp": 0.28070278593520315
  }
}