{
  "best_value": 0.8557694554328918,
  "best_params": {
    "width": 168,
    "depth": 6,
    "dropout": 0.013785380926283364,
    "lr": 0.002503372033994276,
    "wd": 0.00027231222046472414,
    "batch": 32,
    "epochs": 204,
    "clip": 4.84282989522926,
    "w_data": 0.7680258088055014,
    "w_fp": 0.06174337865315588,
    "w_mono": 1.3110074541876608,
    "rho_abs_min": 0.4541047946601987,
    "mono_topk": 74
  }
}