parameter,mean_abs_error,mean_width90,coverage90,coverage50
E_intercept,7338373334.51518,18284515041.929714,0.65,0.3
alpha_base,2.6931052807067715e-07,1.486725405694058e-06,0.85,0.65
alpha_slope,4.09642802128564e-10,1.3394664465936632e-09,0.9,0.4
nu,0.028802925645025113,0.0799660087552962,0.75,0.4
