run_tag,n_cases,n_calibration_parameters,mean_accept_rate,mean_obs_fit_error,mean_obs_coverage90,mean_feasible_fraction_110,mean_feasible_fraction_120,mean_feasible_fraction_131
reduced,20,4,0.62840625,1.2265506885330766,1.0,0.03725,0.0792083333333333,0.1667083333333333
full,20,8,0.4494187500000001,1.050578085815306,1.0,0.0465833333333333,0.073375,0.1365
reduced_maintext,20,4,0.44738750000000005,2.380282897397419,0.9200000000000002,0.042333333333333334,0.07429166666666667,0.13129166666666667
