parameter,mean_abs_error,mean_width90,coverage90,coverage50
E_intercept,4366782130.271971,32038875939.28657,1.0,0.8
E_slope,4516565.365685886,19897104.958212685,0.95,0.45
SS316_T_ref,77.19774908014534,274.19970967722577,0.9,0.4
SS316_alpha,0.0015175664447184202,0.004135294900192161,0.75,0.3
SS316_k_ref,1.406544912182477,5.107794519611972,0.9,0.35
alpha_base,4.439512210589679e-07,1.5703626101557663e-06,0.8,0.45
alpha_slope,3.4496322266682274e-10,1.4272492963738147e-09,0.8,0.55
nu,0.02681760444567203,0.0865514721859808,0.75,0.45
