observable,mean_abs_error,mean_width90,coverage90,coverage95
iteration2_keff,0.0005028287636358875,0.002034171097761062,1.0,1.0
iteration2_max_fuel_temp,1.2720169565419837,15.36331486285684,1.0,1.0
iteration2_max_global_stress,2.7176532262633257,34.16048469825946,1.0,1.0
iteration2_max_monolith_temp,1.2622898658438544,17.704147196928897,1.0,1.0
iteration2_wall2,0.0004275516637296306,0.010258034124429827,1.0,1.0
