observable,mean_abs_error,mean_width90,coverage90,coverage95
iteration2_keff,0.00024280700748237073,0.0017246432179560344,1.0,1.0
iteration2_max_fuel_temp,1.7485135973898878,15.790661826897486,1.0,1.0
iteration2_max_global_stress,1.6672862312446397,41.24826280839958,1.0,1.0
iteration2_max_monolith_temp,1.8866802232929332,17.820237027158036,1.0,1.0
iteration2_wall2,0.0007652486215580012,0.015152803220754763,1.0,1.0
