parameter,mean_abs_error,mean_width90,coverage90,coverage50
E_intercept,4193460583.7611895,25200258908.773876,1.0,0.6
SS316_k_ref,1.4826292996387045,4.40693476708125,0.7,0.35
alpha_base,4.450370385453321e-07,1.3806883484626632e-06,0.85,0.3
alpha_slope,3.283920029068035e-10,1.361246815093058e-09,0.85,0.45
