observable,mean_abs_error,mean_width90,coverage90,coverage95
iteration2_keff,0.0004950288955328896,0.0015276557905378962,0.95,1.0
iteration2_max_fuel_temp,4.013239887521456,12.543625343977306,0.85,0.9
iteration2_max_global_stress,3.484955639348571,31.525991065474557,0.95,1.0
iteration2_max_monolith_temp,4.402041947039345,14.058045971912316,0.85,0.9
iteration2_wall2,0.0006819841821892325,0.008891917943621763,1.0,1.0
