parameter,mean_abs_error,mean_width90,coverage90,coverage50
E_intercept,6461011641.584569,27050636066.044823,0.85,0.5
E_slope,6647336.970220415,18816563.772382744,0.8,0.25
SS316_T_ref,65.74596150024047,256.13833168498337,0.85,0.45
SS316_alpha,0.0013316286761815527,0.004174147099859233,0.8,0.45
SS316_k_ref,1.8426530634502616,4.690675940047251,0.75,0.25
alpha_base,2.9516280019672245e-07,1.5852929179189462e-06,0.95,0.7
alpha_slope,4.1811838214605493e-10,1.3934517534109189e-09,0.8,0.35
nu,0.023791405165938286,0.08288669260502085,0.8,0.5
