observable,mean_abs_error,mean_width90,coverage90,coverage95
iteration2_keff,0.00025829751496619924,0.0017133833763443463,1.0,1.0
iteration2_max_fuel_temp,1.8441741007416226,15.482568448582038,1.0,1.0
iteration2_max_global_stress,2.191100553310423,40.27193666819465,1.0,1.0
iteration2_max_monolith_temp,2.096392333526592,17.675470201988382,1.0,1.0
iteration2_wall2,0.0008281575717788315,0.014545196478375644,1.0,1.0
