observable,mean_abs_error,mean_width90,coverage90,coverage95
iteration2_keff,0.00021053001383445125,0.0017470118085480112,1.0,1.0
iteration2_max_fuel_temp,4.897574376098792,14.17175252540459,0.78,0.82
iteration2_max_global_stress,1.8374254459428356,38.14562653297967,1.0,1.0
iteration2_max_monolith_temp,5.561265401592807,15.923225397787933,0.74,0.82
iteration2_wall2,0.0006146412925191668,0.014108300844194588,1.0,1.0
