parameter,mean_abs_error,mean_width90,coverage90,coverage50
E_intercept,8723576329.894102,22670002175.472214,0.72,0.32
alpha_base,3.8076702331773364e-07,1.7051448759840996e-06,0.92,0.58
alpha_slope,3.192342046039812e-10,1.4564146789332107e-09,0.9,0.56
nu,0.02522579901855411,0.09072675021565792,0.86,0.38
