{
  "PARAM_META": {
    "E_slope": {
      "unit": "Pa/K",
      "meaning": "E(T)=E_slope*T+E_intercept"
    },
    "E_intercept": {
      "unit": "Pa",
      "meaning": "E(T)=E_slope*T+E_intercept"
    },
    "nu": {
      "unit": "-",
      "meaning": "Poisson ratio"
    },
    "alpha_base": {
      "unit": "1/K",
      "meaning": "alpha(T)=alpha_slope*T+alpha_base"
    },
    "alpha_slope": {
      "unit": "1/K^2",
      "meaning": "alpha(T)=alpha_slope*T+alpha_base"
    },
    "SS316_T_ref": {
      "unit": "K",
      "meaning": "T_ref in k(T)=k_slope*(T-T_ref)+k_ref"
    },
    "SS316_k_ref": {
      "unit": "W/(m\u00b7K)",
      "meaning": "k_ref in k(T)"
    },
    "SS316_alpha": {
      "unit": "W/(m\u00b7K^2)",
      "meaning": "k_slope in k(T)"
    }
  },
  "input_stats": {
    "E_slope": {
      "min": -92273915.21049409,
      "max": -52865850.86838541,
      "mean": -70302405.60636799,
      "std": 6725047.33597766
    },
    "E_intercept": {
      "min": 138739457919.23035,
      "max": 259219271821.1165,
      "mean": 200061892803.88428,
      "std": 19721492848.305126
    },
    "nu": {
      "min": 0.1973291408519364,
      "max": 0.3991218422798363,
      "mean": 0.3095617200597334,
      "std": 0.030272768485141797
    },
    "alpha_base": {
      "min": 6.524645415320756e-06,
      "max": 1.2452968521626828e-05,
      "mean": 1.0023304911489109e-05,
      "std": 1.032686098433235e-06
    },
    "alpha_slope": {
      "min": 3.5800053732751197e-09,
      "max": 6.519052839013034e-09,
      "mean": 4.977659292884602e-09,
      "std": 5.118269396206388e-10
    },
    "SS316_T_ref": {
      "min": 651.6189980551305,
      "max": 1179.5216897450266,
      "mean": 922.4513856852898,
      "std": 94.99096254567371
    },
    "SS316_k_ref": {
      "min": 15.706404318802084,
      "max": 29.92604836333785,
      "mean": 23.188563967203784,
      "std": 2.2361086160203163
    },
    "SS316_alpha": {
      "min": 0.0096271036766408,
      "max": 0.017567712897639,
      "mean": 0.013332250174233506,
      "std": 0.0013812114918850585
    }
  },
  "output_stats": {
    "iteration1_keff": {
      "min": 1.113358914638101,
      "max": 1.1133589146381508,
      "mean": 1.1133589146381253,
      "std": 1.0067931688325771e-12
    },
    "iteration1_avg_fuel_temp": {
      "min": 1000.25,
      "max": 1098.95,
      "mean": 1015.925444546288,
      "std": 9.790872227380154
    },
    "iteration1_max_fuel_temp": {
      "min": 1074.71,
      "max": 1241.96,
      "mean": 1102.9704170485793,
      "std": 16.93607856767574
    },
    "iteration1_max_monolith_temp": {
      "min": 1035.87,
      "max": 1230.41,
      "mean": 1068.068267644363,
      "std": 19.544366983234198
    },
    "iteration1_max_global_stress": {
      "min": 99.4,
      "max": 412.5,
      "mean": 204.42523373052245,
      "std": 43.464258320409165
    },
    "iteration1_monolith_new_temperature": {
      "min": 950.4529613969066,
      "max": 985.6295364892396,
      "mean": 955.3459300887832,
      "std": 3.356032913783962
    },
    "iteration1_Hcore_after": {
      "min": 151.7755005690681,
      "max": 174.7475149979565,
      "mean": 152.3527025687956,
      "std": 0.6067272939326481
    },
    "iteration1_wall2": {
      "min": 29.842437933692867,
      "max": 29.983902316698785,
      "mean": 29.922170386983534,
      "std": 0.023198963259502065
    },
    "iteration2_keff": {
      "min": 1.0588471151588963,
      "max": 1.1062030457170848,
      "mean": 1.1035292063897264,
      "std": 0.0013612101459555635
    },
    "iteration2_avg_fuel_temp": {
      "min": 992.73,
      "max": 1023.16,
      "mean": 1000.8957241063243,
      "std": 3.8602628937137617
    },
    "iteration2_max_fuel_temp": {
      "min": 1058.69,
      "max": 1113.7,
      "mean": 1074.341306141155,
      "std": 7.169450126295694
    },
    "iteration2_max_monolith_temp": {
      "min": 1019.44,
      "max": 1081.76,
      "mean": 1036.7772914757102,
      "std": 8.083786312265588
    },
    "iteration2_max_global_stress": {
      "min": 81.94,
      "max": 293.53,
      "mean": 162.3365994500458,
      "std": 30.75311754980469
    },
    "iteration2_monolith_new_temperature": {
      "min": 948.7127808789533,
      "max": 957.8601958534964,
      "mean": 950.7761241754835,
      "std": 1.093599456671078
    },
    "iteration2_Hcore_after": {
      "min": 151.7584127252878,
      "max": 179.16784911781235,
      "mean": 152.3491550315654,
      "std": 0.8043087156695546
    },
    "iteration2_wall2": {
      "min": 29.838700617971657,
      "max": 29.97954358102898,
      "mean": 29.918697474385937,
      "std": 0.022924752137290262
    }
  }
}