{
  "meta": {
    "feature": "alpha_slope",
    "low_quantile_value": 4.347026297447341e-09,
    "high_quantile_value": 5.648610831669407e-09,
    "n_in": 1511,
    "n_ood": 371
  },
  "basic_all_mean": {
    "MAE_mean": 2.7327070236206055,
    "RMSE_mean": 3.3627867698669434,
    "R2_mean": -337489951.3271648
  },
  "prob90_all_mean": {
    "PICP_mean": 0.905154986522911,
    "MPIW_mean": 11.258961291759757,
    "CRPS_mean": 1.931362934671037
  }
}