{
  "level": 1,
  "main_threshold_result": {
    "threshold_MPa": 131.0,
    "p_fail_predictive": 0.8236078532273371,
    "p_fail_mean_only": 0.8628048780487805,
    "p_fail_truth": 0.8292682926829268,
    "stress_true_mean": 162.9587501665441,
    "stress_true_std": 31.80679632845483,
    "stress_pred_mean": 162.24534258028356,
    "stress_pred_std": 29.769702735957306,
    "stress_unc_mean": 14.828859813913928,
    "stress_output": "iteration2_max_global_stress"
  },
  "threshold_sweep_results": [
    {
      "threshold_MPa": 110.0,
      "p_fail_predictive": 0.9526503925370788,
      "p_fail_mean_only": 0.9725609756097561,
      "p_fail_truth": 0.9725609756097561,
      "stress_true_mean": 162.9587501665441,
      "stress_true_std": 31.80679632845483,
      "stress_pred_mean": 162.24534258028356,
      "stress_pred_std": 29.769702735957306,
      "stress_unc_mean": 14.828859813913928,
      "stress_output": "iteration2_max_global_stress"
    },
    {
      "threshold_MPa": 120.0,
      "p_fail_predictive": 0.9055422591957725,
      "p_fail_mean_only": 0.9237804878048781,
      "p_fail_truth": 0.9237804878048781,
      "stress_true_mean": 162.9587501665441,
      "stress_true_std": 31.80679632845483,
      "stress_pred_mean": 162.24534258028356,
      "stress_pred_std": 29.769702735957306,
      "stress_unc_mean": 14.828859813913928,
      "stress_output": "iteration2_max_global_stress"
    },
    {
      "threshold_MPa": 131.0,
      "p_fail_predictive": 0.8236078532273371,
      "p_fail_mean_only": 0.8628048780487805,
      "p_fail_truth": 0.8292682926829268,
      "stress_true_mean": 162.9587501665441,
      "stress_true_std": 31.80679632845483,
      "stress_pred_mean": 162.24534258028356,
      "stress_pred_std": 29.769702735957306,
      "stress_unc_mean": 14.828859813913928,
      "stress_output": "iteration2_max_global_stress"
    }
  ]
}