{
  "level": 0,
  "main_threshold_result": {
    "threshold_MPa": 131.0,
    "p_fail_predictive": 0.8390178495885579,
    "p_fail_mean_only": 0.8658536585365854,
    "p_fail_truth": 0.8292682926829268,
    "stress_true_mean": 162.9587501665441,
    "stress_true_std": 31.80679632845483,
    "stress_pred_mean": 162.0812320941832,
    "stress_pred_std": 27.89671596702395,
    "stress_unc_mean": 13.381607200267027,
    "stress_output": "iteration2_max_global_stress"
  },
  "threshold_sweep_results": [
    {
      "threshold_MPa": 110.0,
      "p_fail_predictive": 0.9652822452419736,
      "p_fail_mean_only": 0.9847560975609756,
      "p_fail_truth": 0.9725609756097561,
      "stress_true_mean": 162.9587501665441,
      "stress_true_std": 31.80679632845483,
      "stress_pred_mean": 162.0812320941832,
      "stress_pred_std": 27.89671596702395,
      "stress_unc_mean": 13.381607200267027,
      "stress_output": "iteration2_max_global_stress"
    },
    {
      "threshold_MPa": 120.0,
      "p_fail_predictive": 0.9189235705962878,
      "p_fail_mean_only": 0.9390243902439024,
      "p_fail_truth": 0.9237804878048781,
      "stress_true_mean": 162.9587501665441,
      "stress_true_std": 31.80679632845483,
      "stress_pred_mean": 162.0812320941832,
      "stress_pred_std": 27.89671596702395,
      "stress_unc_mean": 13.381607200267027,
      "stress_output": "iteration2_max_global_stress"
    },
    {
      "threshold_MPa": 131.0,
      "p_fail_predictive": 0.8390178495885579,
      "p_fail_mean_only": 0.8658536585365854,
      "p_fail_truth": 0.8292682926829268,
      "stress_true_mean": 162.9587501665441,
      "stress_true_std": 31.80679632845483,
      "stress_pred_mean": 162.0812320941832,
      "stress_pred_std": 27.89671596702395,
      "stress_unc_mean": 13.381607200267027,
      "stress_output": "iteration2_max_global_stress"
    }
  ]
}