{
  "seed": 2027,
  "n_test": 459,
  "MAE_mean": 2.3843704615428063,
  "RMSE_mean": 3.199744433800044,
  "R2_mean": 0.6936309680982887,
  "PICP_mean": 0.9758896151053013,
  "MPIW_mean": 14.948304412478327,
  "CRPS_mean": 1.8088853735942385
}