{
  "seed": 2027,
  "n_test": 459,
  "MAE_mean": 2.4479026102255945,
  "RMSE_mean": 3.23811819638002,
  "R2_mean": 0.6958105252761705,
  "PICP_mean": 0.9805374001452434,
  "MPIW_mean": 16.967963940827353,
  "CRPS_mean": 1.9087646911000185
}