{
  "MAE_mean": 2.4518407829149256,
  "RMSE_mean": 3.368992917643492,
  "R2_mean": 0.7704477346045855,
  "PICP_mean": 0.9680638722554892,
  "MPIW_mean": 14.550128324424692,
  "CRPS_mean": 1.8328173956068003
}