{
  "seed": 2029,
  "n_test": 459,
  "MAE_mean": 2.720571201053528,
  "RMSE_mean": 3.5515298034774787,
  "R2_mean": 0.7852295709803839,
  "PICP_mean": 0.9888162672476398,
  "MPIW_mean": 21.15316676856758,
  "CRPS_mean": 2.200928080485844
}