{
  "seed": 2030,
  "n_test": 459,
  "MAE_mean": 2.5843750310064877,
  "RMSE_mean": 3.4704126229762973,
  "R2_mean": 0.7834080087443377,
  "PICP_mean": 0.9694989106753814,
  "MPIW_mean": 15.629856817564551,
  "CRPS_mean": 1.9411409592839297
}