{
  "seed": 2027,
  "n_test": 502,
  "MAE_mean": 2.382739555989278,
  "RMSE_mean": 3.3288849678242385,
  "R2_mean": 0.8325650257975545,
  "PICP_mean": 0.9725099601593626,
  "MPIW_mean": 14.38876147313825,
  "CRPS_mean": 1.8085815981689082
}