{
  "experiment": "D3_coupling",
  "model_id": "bnn-data-mono-ineq",
  "model_class": "BayesianMLP",
  "n_mc_eval": 50,
  "n_test": 435,
  "rows": [
    {
      "iter1_output": "iteration1_avg_fuel_temp",
      "iter2_output": "iteration2_avg_fuel_temp",
      "output_short": "avg_fuel_temp",
      "pred_delta_mean": -14.782019930357073,
      "pred_delta_std": 5.213405259950353,
      "pred_var_ratio_2to1": 0.20831446110016694,
      "pred_spearman_rho": 0.9777931371499932,
      "pred_spearman_p": 5.380107717656275e-296,
      "pred_epistemic_iter1_mean": 2.94893713433778,
      "pred_epistemic_iter2_mean": 1.1560656690338385,
      "pred_aleatoric_iter1_mean": 5.828378334318077,
      "pred_aleatoric_iter2_mean": 2.803679588231007,
      "true_delta_mean": -14.891540229885061,
      "true_spearman_rho": 0.9301140896776523
    },
    {
      "iter1_output": "iteration1_max_fuel_temp",
      "iter2_output": "iteration2_max_fuel_temp",
      "output_short": "max_fuel_temp",
      "pred_delta_mean": -28.89584683337297,
      "pred_delta_std": 9.45451774729322,
      "pred_var_ratio_2to1": 0.2271766772495254,
      "pred_spearman_rho": 0.9682466280411338,
      "pred_spearman_p": 8.000382675199745e-263,
      "pred_epistemic_iter1_mean": 5.413839810073258,
      "pred_epistemic_iter2_mean": 2.2179867897756202,
      "pred_aleatoric_iter1_mean": 10.108464188647845,
      "pred_aleatoric_iter2_mean": 5.195468818504034,
      "true_delta_mean": -28.402229885057473,
      "true_spearman_rho": 0.9291351350609839
    },
    {
      "iter1_output": "iteration1_max_monolith_temp",
      "iter2_output": "iteration2_max_monolith_temp",
      "output_short": "max_monolith_temp",
      "pred_delta_mean": -31.510329209922528,
      "pred_delta_std": 9.535556216666668,
      "pred_var_ratio_2to1": 0.22619783439979574,
      "pred_spearman_rho": 0.9717043820084831,
      "pred_spearman_p": 1.6838582816883057e-273,
      "pred_epistemic_iter1_mean": 6.089752375767949,
      "pred_epistemic_iter2_mean": 2.5074271882607144,
      "pred_aleatoric_iter1_mean": 11.418841570383954,
      "pred_aleatoric_iter2_mean": 5.81898598416945,
      "true_delta_mean": -31.02266666666666,
      "true_spearman_rho": 0.9298619404330405
    },
    {
      "iter1_output": "iteration1_max_global_stress",
      "iter2_output": "iteration2_max_global_stress",
      "output_short": "max_global_stress",
      "pred_delta_mean": -39.891311729797,
      "pred_delta_std": 15.69645082907643,
      "pred_var_ratio_2to1": 0.5223637414438254,
      "pred_spearman_rho": 0.9594038282838385,
      "pred_spearman_p": 3.8301285106375445e-240,
      "pred_epistemic_iter1_mean": 15.665954417503064,
      "pred_epistemic_iter2_mean": 11.063258608850495,
      "pred_aleatoric_iter1_mean": 21.86905282276315,
      "pred_aleatoric_iter2_mean": 16.18050468763246,
      "true_delta_mean": -41.84662068965517,
      "true_spearman_rho": 0.9658579610033272
    },
    {
      "iter1_output": "iteration1_monolith_new_temperature",
      "iter2_output": "iteration2_monolith_new_temperature",
      "output_short": "monolith_new_temperature",
      "pred_delta_mean": -4.4168227962491935,
      "pred_delta_std": 1.9164127612363941,
      "pred_var_ratio_2to1": 0.14354020095299344,
      "pred_spearman_rho": 0.9783688463336118,
      "pred_spearman_p": 1.9416554231695987e-298,
      "pred_epistemic_iter1_mean": 1.0900939408364687,
      "pred_epistemic_iter2_mean": 0.34858767378737715,
      "pred_aleatoric_iter1_mean": 1.9432077550225475,
      "pred_aleatoric_iter2_mean": 0.7862667101222524,
      "true_delta_mean": -4.5184706435366815,
      "true_spearman_rho": 0.9298465431649156
    },
    {
      "iter1_output": "iteration1_Hcore_after",
      "iter2_output": "iteration2_Hcore_after",
      "output_short": "Hcore_after",
      "pred_delta_mean": -0.03164511404917077,
      "pred_delta_std": 0.04141607894974199,
      "pred_var_ratio_2to1": 2.7692395188982264,
      "pred_spearman_rho": 0.9808380249719874,
      "pred_spearman_p": 1.018422271265755e-309,
      "pred_epistemic_iter1_mean": 0.15099649239907276,
      "pred_epistemic_iter2_mean": 0.20887544159533336,
      "pred_aleatoric_iter1_mean": 0.3479537266567528,
      "pred_aleatoric_iter2_mean": 0.6129104060731627,
      "true_delta_mean": 0.014633052096157577,
      "true_spearman_rho": 0.9931510092055812
    },
    {
      "iter1_output": "iteration1_wall2",
      "iter2_output": "iteration2_wall2",
      "output_short": "wall2",
      "pred_delta_mean": -0.003105983872753528,
      "pred_delta_std": 0.0016496182300914264,
      "pred_var_ratio_2to1": 1.1123274856996985,
      "pred_spearman_rho": 0.9968998592581297,
      "pred_spearman_p": 0.0,
      "pred_epistemic_iter1_mean": 0.0076693626287241325,
      "pred_epistemic_iter2_mean": 0.008536998408260993,
      "pred_aleatoric_iter1_mean": 0.010484366611481116,
      "pred_aleatoric_iter2_mean": 0.010717708301993107,
      "true_delta_mean": -0.0034456143158778335,
      "true_spearman_rho": 0.9970928817077953
    }
  ]
}