{
  "seed": 2029,
  "n_test": 459,
  "MAE_mean": 2.5995511919155403,
  "RMSE_mean": 3.3996713067627975,
  "R2_mean": 0.7999829488109171,
  "PICP_mean": 0.9821350762527232,
  "MPIW_mean": 17.247727392346967,
  "CRPS_mean": 1.9889315140037562
}