{
  "MAE_mean": 2.466806542334741,
  "RMSE_mean": 3.38854194840417,
  "R2_mean": 0.7689095328232121,
  "PICP_mean": 0.9752495009980041,
  "MPIW_mean": 15.53429779751002,
  "CRPS_mean": 1.88123515916198
}