rmse_mean,nll_mean,r2_mean,model_id,train_frac,n_train,seed,train_time_sec,val_rmse_best
4.953025542550703,1.6361565893230514,0.7724853518833849,bnn-baseline,0.25,507,2026,14.604163885116577,5.203839148986865
4.887975250821693,3.4242253340000204,0.7719281759808894,bnn-baseline,0.25,507,2027,9.479604482650757,5.148073604705926
4.603523049153619,7.4219829893978115,0.7849863548310089,bnn-baseline,0.5,1014,2026,27.998631954193115,4.726535162960188
4.721059621189169,13.4984783997553,0.7799021667640507,bnn-baseline,0.5,1014,2027,29.887504816055298,4.834037935089875
4.6100184251096,3.317400463903852,0.7846191840449749,bnn-baseline,0.75,1522,2026,27.247719764709473,4.725826343968085
4.762225001897078,3.2945545685867157,0.7801497697733741,bnn-baseline,0.75,1522,2027,39.12550759315491,4.700999750150639
4.718606072686606,6.160362876181688,0.7833640450479471,bnn-baseline,1.0,2029,2026,38.63854694366455,4.675807692526587
4.601724960266897,4.920913836477325,0.7841657677642755,bnn-baseline,1.0,2029,2027,22.76156449317932,4.712747376830675
