{
  "seed": 2030,
  "n_test": 502,
  "MAE_mean": 2.4554868826297804,
  "RMSE_mean": 3.346479426640144,
  "R2_mean": 0.7256142448836486,
  "PICP_mean": 0.9671978751660025,
  "MPIW_mean": 14.305193194435942,
  "CRPS_mean": 1.8316381381257067
}