{
  "experiment": "D1_nominal_risk",
  "model_id": "baseline",
  "N_samples": 20000,
  "sigma_k_list": [
    0.5,
    1.0,
    2.0,
    3.0
  ],
  "threshold_sweep_MPa": [
    110.0,
    120.0,
    131.0
  ],
  "draw_predictive": true,
  "design_nominal": {
    "E_slope": -70000000.0,
    "E_intercept": 200000000000.0,
    "nu": 0.31,
    "alpha_base": 1e-05,
    "alpha_slope": 5e-09,
    "SS316_T_ref": 923.15,
    "SS316_k_ref": 23.2,
    "SS316_alpha": 0.013333333333333334
  },
  "design_sigma_1sigma": {
    "E_slope": 7000000.0,
    "E_intercept": 20000000000.0,
    "nu": 0.031,
    "alpha_base": 1e-06,
    "alpha_slope": 5e-10,
    "SS316_T_ref": 92.315,
    "SS316_k_ref": 2.32,
    "SS316_alpha": 0.0013333333333333333
  },
  "rows": [
    {
      "sigma_k": 0.5,
      "threshold_MPa": 110.0,
      "P_exceed": 0.9985,
      "stress_mean": 162.16645610268165,
      "stress_std": 19.215384355759845,
      "stress_p5": 131.41519841849592,
      "stress_p50": 161.8588748524281,
      "stress_p95": 194.43438362251953,
      "stress_pred_mu_mean": 162.3302459716797,
      "stress_pred_sigma_mean": 12.932867695179642,
      "keff_mean": 1.103534516865248,
      "keff_std": 0.0006201019656939256,
      "sample_source": "predictive"
    },
    {
      "sigma_k": 0.5,
      "threshold_MPa": 120.0,
      "P_exceed": 0.98945,
      "stress_mean": 162.16645610268165,
      "stress_std": 19.215384355759845,
      "stress_p5": 131.41519841849592,
      "stress_p50": 161.8588748524281,
      "stress_p95": 194.43438362251953,
      "stress_pred_mu_mean": 162.3302459716797,
      "stress_pred_sigma_mean": 12.932867695179642,
      "keff_mean": 1.103534516865248,
      "keff_std": 0.0006201019656939256,
      "sample_source": "predictive"
    },
    {
      "sigma_k": 0.5,
      "threshold_MPa": 131.0,
      "P_exceed": 0.95215,
      "stress_mean": 162.16645610268165,
      "stress_std": 19.215384355759845,
      "stress_p5": 131.41519841849592,
      "stress_p50": 161.8588748524281,
      "stress_p95": 194.43438362251953,
      "stress_pred_mu_mean": 162.3302459716797,
      "stress_pred_sigma_mean": 12.932867695179642,
      "keff_mean": 1.103534516865248,
      "keff_std": 0.0006201019656939256,
      "sample_source": "predictive"
    },
    {
      "sigma_k": 1.0,
      "threshold_MPa": 110.0,
      "P_exceed": 0.9631,
      "stress_mean": 163.03227816570393,
      "stress_std": 31.255357245880315,
      "stress_p5": 114.02298358512017,
      "stress_p50": 161.674884921442,
      "stress_p95": 217.09496836339412,
      "stress_pred_mu_mean": 163.0186309814453,
      "stress_pred_sigma_mean": 10.454551312119241,
      "keff_mean": 1.103509738910561,
      "keff_std": 0.0007620055565204188,
      "sample_source": "predictive"
    },
    {
      "sigma_k": 1.0,
      "threshold_MPa": 120.0,
      "P_exceed": 0.92225,
      "stress_mean": 163.03227816570393,
      "stress_std": 31.255357245880315,
      "stress_p5": 114.02298358512017,
      "stress_p50": 161.674884921442,
      "stress_p95": 217.09496836339412,
      "stress_pred_mu_mean": 163.0186309814453,
      "stress_pred_sigma_mean": 10.454551312119241,
      "keff_mean": 1.103509738910561,
      "keff_std": 0.0007620055565204188,
      "sample_source": "predictive"
    },
    {
      "sigma_k": 1.0,
      "threshold_MPa": 131.0,
      "P_exceed": 0.8478,
      "stress_mean": 163.03227816570393,
      "stress_std": 31.255357245880315,
      "stress_p5": 114.02298358512017,
      "stress_p50": 161.674884921442,
      "stress_p95": 217.09496836339412,
      "stress_pred_mu_mean": 163.0186309814453,
      "stress_pred_sigma_mean": 10.454551312119241,
      "keff_mean": 1.103509738910561,
      "keff_std": 0.0007620055565204188,
      "sample_source": "predictive"
    },
    {
      "sigma_k": 2.0,
      "threshold_MPa": 110.0,
      "P_exceed": 0.8086,
      "stress_mean": 163.49700904053128,
      "stress_std": 60.86618238156808,
      "stress_p5": 69.84097779223843,
      "stress_p50": 160.5065602509929,
      "stress_p95": 269.8114385568541,
      "stress_pred_mu_mean": 163.43475341796875,
      "stress_pred_sigma_mean": 4.8931214372793415,
      "keff_mean": 1.1033210267526137,
      "keff_std": 0.001361652971210573,
      "sample_source": "predictive"
    },
    {
      "sigma_k": 2.0,
      "threshold_MPa": 120.0,
      "P_exceed": 0.75755,
      "stress_mean": 163.49700904053128,
      "stress_std": 60.86618238156808,
      "stress_p5": 69.84097779223843,
      "stress_p50": 160.5065602509929,
      "stress_p95": 269.8114385568541,
      "stress_pred_mu_mean": 163.43475341796875,
      "stress_pred_sigma_mean": 4.8931214372793415,
      "keff_mean": 1.1033210267526137,
      "keff_std": 0.001361652971210573,
      "sample_source": "predictive"
    },
    {
      "sigma_k": 2.0,
      "threshold_MPa": 131.0,
      "P_exceed": 0.69385,
      "stress_mean": 163.49700904053128,
      "stress_std": 60.86618238156808,
      "stress_p5": 69.84097779223843,
      "stress_p50": 160.5065602509929,
      "stress_p95": 269.8114385568541,
      "stress_pred_mu_mean": 163.43475341796875,
      "stress_pred_sigma_mean": 4.8931214372793415,
      "keff_mean": 1.1033210267526137,
      "keff_std": 0.001361652971210573,
      "sample_source": "predictive"
    },
    {
      "sigma_k": 3.0,
      "threshold_MPa": 110.0,
      "P_exceed": 0.7051,
      "stress_mean": 162.9560368002136,
      "stress_std": 94.02524268760924,
      "stress_p5": 18.88614914076998,
      "stress_p50": 156.07424347629117,
      "stress_p95": 326.64089051757867,
      "stress_pred_mu_mean": 162.9597930908203,
      "stress_pred_sigma_mean": 1.8553309150188335,
      "keff_mean": 1.1028967343216778,
      "keff_std": 0.0021602751684295218,
      "sample_source": "predictive"
    },
    {
      "sigma_k": 3.0,
      "threshold_MPa": 120.0,
      "P_exceed": 0.6615,
      "stress_mean": 162.9560368002136,
      "stress_std": 94.02524268760924,
      "stress_p5": 18.88614914076998,
      "stress_p50": 156.07424347629117,
      "stress_p95": 326.64089051757867,
      "stress_pred_mu_mean": 162.9597930908203,
      "stress_pred_sigma_mean": 1.8553309150188335,
      "keff_mean": 1.1028967343216778,
      "keff_std": 0.0021602751684295218,
      "sample_source": "predictive"
    },
    {
      "sigma_k": 3.0,
      "threshold_MPa": 131.0,
      "P_exceed": 0.6153,
      "stress_mean": 162.9560368002136,
      "stress_std": 94.02524268760924,
      "stress_p5": 18.88614914076998,
      "stress_p50": 156.07424347629117,
      "stress_p95": 326.64089051757867,
      "stress_pred_mu_mean": 162.9597930908203,
      "stress_pred_sigma_mean": 1.8553309150188335,
      "keff_mean": 1.1028967343216778,
      "keff_std": 0.0021602751684295218,
      "sample_source": "predictive"
    }
  ]
}