{
  "seed": 2026,
  "n_test": 459,
  "MAE_mean": 2.751589102391283,
  "RMSE_mean": 3.5622425504185284,
  "R2_mean": 0.6846469334039527,
  "PICP_mean": 0.9809731299927378,
  "MPIW_mean": 20.919123144482857,
  "CRPS_mean": 2.245103325630702
}