{
  "manifest_type": "evaluation",
  "model_id": "bnn-data-mono-ineq",
  "artifact_origin": "trained_in_bnn0414",
  "training_protocol": "bnn0414_fixed",
  "output_definition_version": "15col_v1",
  "inference_method": "mc_sampling",
  "column_alignment_verified": true,
  "split_type": "repeat",
  "split_seed": -1,
  "n_test": null,
  "metrics_overall": {
    "n_test": {
      "mean": 459.0,
      "std": 0.0,
      "min": 459.0,
      "max": 459.0
    },
    "MAE_mean": {
      "mean": 2.6836728225915323,
      "std": 0.11376343132879109,
      "min": 2.5152763956896256,
      "max": 2.8032580250387116
    },
    "RMSE_mean": {
      "mean": 3.5253214853995223,
      "std": 0.11476220331473073,
      "min": 3.3386313224780904,
      "max": 3.65091630225797
    },
    "R2_mean": {
      "mean": 0.7332349521059253,
      "std": 0.04674176482958797,
      "min": 0.6845823046793503,
      "max": 0.7852295709803839
    },
    "PICP_mean": {
      "mean": 0.9857371096586783,
      "std": 0.003311100888572821,
      "min": 0.9809731299927378,
      "max": 0.9888162672476398
    },
    "MPIW_mean": {
      "mean": 21.144461259148898,
      "std": 0.32462908982573585,
      "min": 20.874294000135354,
      "max": 21.6871985680499
    },
    "CRPS_mean": {
      "mean": 2.2075344376454082,
      "std": 0.05816690288191958,
      "min": 2.1126341350151856,
      "max": 2.262179327308876
    }
  },
  "metrics_per_output": [],
  "checkpoint_path": "/home/tjzs/Documents/fenics_data/hpr_surrogate/hpr-claude-project/code/bnn0414/code/models/bnn-data-mono-ineq/artifacts/checkpoint_bnn-data-mono-ineq_fixed.pt",
  "scaler_path": "/home/tjzs/Documents/fenics_data/hpr_surrogate/hpr-claude-project/code/bnn0414/code/models/bnn-data-mono-ineq/artifacts/scalers_bnn-data-mono-ineq_fixed.pkl",
  "source_script": "/home/tjzs/Documents/fenics_data/hpr_surrogate/hpr-claude-project/code/bnn0414/code/experiments_0404/evaluation/run_eval_0404.py",
  "repeat_seeds": [
    2026,
    2027,
    2028,
    2029,
    2030
  ],
  "n_repeats": 5,
  "n_mc": 50,
  "summary_path": "/home/tjzs/Documents/fenics_data/hpr_surrogate/hpr-claude-project/code/bnn0414/code/models/bnn-data-mono-ineq/repeat_eval/repeat_summary.json",
  "_manifest_generated_at": "2026-04-15T22:16:54.169981"
}