{
  "seed": 2026,
  "n_test": 459,
  "MAE_mean": 2.7067528974231467,
  "RMSE_mean": 3.478479630757777,
  "R2_mean": 0.6944931049225755,
  "PICP_mean": 0.9687726942628904,
  "MPIW_mean": 16.975489587661425,
  "CRPS_mean": 2.055228571386332
}