{
  "seed": 2030,
  "n_test": 459,
  "MAE_mean": 2.6276693887845104,
  "RMSE_mean": 3.523287448365545,
  "R2_mean": 0.7677796338932333,
  "PICP_mean": 0.9869281045751634,
  "MPIW_mean": 21.6871985680499,
  "CRPS_mean": 2.2168273197864328
}