{
  "MAE_mean": 2.6847424291742503,
  "RMSE_mean": 3.543953511984714,
  "R2_mean": 0.758629868913911,
  "PICP_mean": 0.9383908045977011,
  "MPIW_mean": 12.70658845591601,
  "CRPS_mean": 1.9464765291565953
}