model_id,paper_label,n_seeds,RMSE_mean,RMSE_std,R2_mean,R2_std,PICP_mean,PICP_std,MPIW_mean,MPIW_std,CRPS_mean,CRPS_std,MAE_mean,MAE_std
bnn-baseline,Reference surrogate,5,3.4208176141404936,0.1411434028097237,0.7441501659677291,0.04835650406662417,0.9760058097312999,0.005354731984129873,16.23868152228635,0.25770417761960107,1.9686981477142358,0.06894668059461127,2.6246375115730127,0.13202134190607964
bnn-data-mono,Data-monotone BNN,5,3.4311285173065165,0.12390232483037625,0.7457126496450647,0.048542455228262976,0.9758896151053014,0.005683078444884219,17.174724880945387,0.30141390129841,2.008921683267412,0.0639921630366679,2.6126930846345138,0.10697862712058177
bnn-phy-mono,Physics-regularized BNN,5,3.405363382769741,0.13498710452057466,0.7471961398545538,0.05001320024840728,0.9702251270878721,0.006421987209712247,15.244493100720694,0.2611444743680953,1.922248838364269,0.07392202065536628,2.5826077572214525,0.12216101847215345
bnn-data-mono-ineq,Data+inequality BNN,5,3.5253214853995223,0.11476220331473073,0.7332349521059253,0.04674176482958797,0.9857371096586783,0.003311100888572821,21.144461259148898,0.32462908982573585,2.2075344376454082,0.05816690288191958,2.6836728225915323,0.11376343132879109
