{
  "MAE_mean": 2.4522203215324287,
  "RMSE_mean": 3.3518875552589042,
  "R2_mean": 0.7662920306209563,
  "PICP_mean": 0.9749833666001332,
  "MPIW_mean": 16.25346550669632,
  "CRPS_mean": 1.9103805907053606
}