{
  "seed": 2028,
  "n_test": 459,
  "MAE_mean": 2.7038594021133,
  "RMSE_mean": 3.553647844983004,
  "R2_mean": 0.7604042095286591,
  "PICP_mean": 0.9632534495279592,
  "MPIW_mean": 15.213982423950815,
  "CRPS_mean": 1.9995702364696428
}