{
  "seed": 2029,
  "n_test": 502,
  "MAE_mean": 2.4787134346828035,
  "RMSE_mean": 3.346050170848114,
  "R2_mean": 0.7682744903079061,
  "PICP_mean": 0.9596281540504648,
  "MPIW_mean": 13.933657426336527,
  "CRPS_mean": 1.846192989186736
}