sigma_k,threshold_MPa,P_exceed,stress_mean,stress_std,stress_p5,stress_p50,stress_p95,stress_pred_mu_mean,stress_pred_sigma_mean,stress_pred_epistemic_mean,stress_pred_aleatoric_mean,keff_mean,keff_std,sample_source
1.0,110.0,0.95875,161.71766143229007,31.864556009135224,112.65029987379857,159.90010814867293,216.98448402937913,161.7060982520582,11.961171978741605,6.491294727565406,10.009677530888364,1.1035427752967297,0.0007729147490992391,predictive
1.0,120.0,0.913,161.71766143229007,31.864556009135224,112.65029987379857,159.90010814867293,216.98448402937913,161.7060982520582,11.961171978741605,6.491294727565406,10.009677530888364,1.1035427752967297,0.0007729147490992391,predictive
1.0,131.0,0.83575,161.71766143229007,31.864556009135224,112.65029987379857,159.90010814867293,216.98448402937913,161.7060982520582,11.961171978741605,6.491294727565406,10.009677530888364,1.1035427752967297,0.0007729147490992391,predictive
1.0,150.0,0.6283,161.71766143229007,31.864556009135224,112.65029987379857,159.90010814867293,216.98448402937913,161.7060982520582,11.961171978741605,6.491294727565406,10.009677530888364,1.1035427752967297,0.0007729147490992391,predictive
1.0,180.0,0.26645,161.71766143229007,31.864556009135224,112.65029987379857,159.90010814867293,216.98448402937913,161.7060982520582,11.961171978741605,6.491294727565406,10.009677530888364,1.1035427752967297,0.0007729147490992391,predictive
1.0,200.0,0.1163,161.71766143229007,31.864556009135224,112.65029987379857,159.90010814867293,216.98448402937913,161.7060982520582,11.961171978741605,6.491294727565406,10.009677530888364,1.1035427752967297,0.0007729147490992391,predictive
