{
  "model_id": "bnn-data-mono-ineq",
  "N_base": 4096,
  "N_repeats": 50,
  "n_mc_sobol": 30,
  "CI_level": 0.9,
  "inputs": [
    "E_slope",
    "E_intercept",
    "nu",
    "alpha_base",
    "alpha_slope",
    "SS316_T_ref",
    "SS316_k_ref",
    "SS316_alpha"
  ],
  "outputs": [
    "iteration2_max_global_stress",
    "iteration2_keff"
  ],
  "results": {
    "iteration2_max_global_stress": {
      "S1": {
        "mean": [
          0.03714043449160945,
          0.5582741945122163,
          0.06740556892572014,
          0.1480232169427087,
          0.01790592084288994,
          0.029721491541176218,
          0.07610661027029725,
          0.01098049581166909
        ],
        "lo": [
          0.02753834738366741,
          0.5512308845089066,
          0.05751132189791082,
          0.13906202319283498,
          0.008086531440114508,
          0.019129645012673755,
          0.06498628205310476,
          0.00035383716986718723
        ],
        "hi": [
          0.04674252159955149,
          0.565317504515526,
          0.07729981595352946,
          0.15698441069258243,
          0.027725310245665373,
          0.040313338069678684,
          0.08722693848748973,
          0.021607154453470993
        ]
      },
      "ST": {
        "mean": [
          0.054318105008686376,
          0.5972606373490343,
          0.07068300410136862,
          0.16073937153850867,
          0.0393664418882105,
          0.05160768935174853,
          0.1090801026251391,
          0.017346214762591197
        ],
        "lo": [
          0.052792371291320146,
          0.5910480746890427,
          0.06894013993379486,
          0.1576241610726158,
          0.038011860333150356,
          0.04982705367891272,
          0.10626816786560332,
          0.01656172554499773
        ],
        "hi": [
          0.05584383872605261,
          0.6034732000090259,
          0.07242586826894237,
          0.16385458200440156,
          0.040721023443270644,
          0.05338832502458434,
          0.11189203738467489,
          0.018130703980184664
        ]
      }
    },
    "iteration2_keff": {
      "S1": {
        "mean": [
          -0.003432721918639865,
          0.012403901815297179,
          0.055166424428311406,
          0.7417160646670179,
          0.16436559613213217,
          0.008567863329929329,
          0.007151249452312247,
          0.00823482076640123
        ],
        "lo": [
          -0.018665881541594723,
          -0.0008444785065064072,
          0.04240084436466209,
          0.7363758792756132,
          0.15049524316940666,
          -0.007640645580238338,
          -0.005632269386010099,
          -0.0058249034475438746
        ],
        "hi": [
          0.011800437704314992,
          0.025652282137100767,
          0.06793200449196071,
          0.7470562500584226,
          0.17823594909485768,
          0.024776372240096996,
          0.01993476829063459,
          0.02229454498034633
        ]
      },
      "ST": {
        "mean": [
          0.016671744943101204,
          0.016599268550737283,
          0.06570816839555303,
          0.76259990535104,
          0.18373775825715602,
          0.022054303662636162,
          0.0261012140276643,
          0.02375595263303103
        ],
        "lo": [
          0.015238891101461337,
          0.014979655645617655,
          0.06322499711865016,
          0.7495406075247908,
          0.17957193787321973,
          0.02040741674951811,
          0.02391715546379302,
          0.02198447867058999
        ],
        "hi": [
          0.01810459878474107,
          0.01821888145585691,
          0.0681913396724559,
          0.7756592031772893,
          0.1879035786410923,
          0.023701190575754216,
          0.028285272591535578,
          0.02552742659547207
        ]
      }
    }
  }
}