{
  "level": 2,
  "best_value": 3.015324592590332,
  "best_params": {
    "width": 86,
    "depth": 5,
    "dropout": 0.19532709563206024,
    "lr": 0.00013530524574672606,
    "wd": 2.4914334925040354e-06,
    "batch": 32,
    "epochs": 221,
    "clip": 3.035284979952464,
    "w_data": 1.0033364593085181,
    "w_fp": 0.029485225773742338,
    "w_mono": 0.015271062646466906,
    "rho_abs_min": 0.5023398074565251,
    "mono_topk": 15
  },
  "run_tag": "fixed_level2"
}