{
  "level": 2,
  "tag": "fixed_level2",
  "best_value": 3.001671314239502,
  "best_params": {
    "width": 77,
    "depth": 6,
    "dropout": 0.0845962052104276,
    "lr": 0.00010270383330371482,
    "wd": 3.6526475858048013e-07,
    "batch": 128,
    "epochs": 234,
    "clip": 1.3155876319701356,
    "w_data": 1.4597148939466376,
    "w_fp": 0.005353476767666837,
    "w_mono": 0.00768315349480838,
    "rho_abs_min": 0.13059380627465914,
    "mono_topk": 16
  }
}