{
  "input_stats": {
    "E_slope": {
      "min": -92273915.21049409,
      "max": -52865850.86838541,
      "mean": -70048048.68608813,
      "std": 6746563.702043067
    },
    "E_intercept": {
      "min": 138739457919.23035,
      "max": 259219271821.1165,
      "mean": 199854369579.98975,
      "std": 19544553264.146248
    },
    "nu": {
      "min": 0.1973291408519364,
      "max": 0.3991218422798363,
      "mean": 0.30945256595191395,
      "std": 0.030381990996755204
    },
    "alpha_base": {
      "min": 6.524645415320756e-06,
      "max": 1.3404303207102693e-05,
      "mean": 1.0028055412262189e-05,
      "std": 1.0254283604432078e-06
    },
    "alpha_slope": {
      "min": 3.442085974661171e-09,
      "max": 6.519052839013034e-09,
      "mean": 4.984812025862129e-09,
      "std": 5.194194757898146e-10
    },
    "SS316_T_ref": {
      "min": 651.6189980551305,
      "max": 1179.5216897450266,
      "mean": 923.4697675767505,
      "std": 95.78856903124691
    },
    "SS316_k_ref": {
      "min": 15.706404318802084,
      "max": 29.92604836333785,
      "mean": 23.213712730406833,
      "std": 2.2708464361839034
    },
    "SS316_alpha": {
      "min": 0.0096271036766408,
      "max": 0.017567712897639,
      "mean": 0.013316446781975032,
      "std": 0.0013790601480684226
    }
  },
  "output_stats": {
    "iteration1_keff": {
      "min": 1.113358914638101,
      "max": 1.1133589146381508,
      "mean": 1.1133589146381255,
      "std": 1.0068075879422608e-12
    },
    "iteration1_avg_fuel_temp": {
      "min": 1000.14,
      "max": 1098.95,
      "mean": 1015.8825171102661,
      "std": 10.04880886074013
    },
    "iteration1_max_fuel_temp": {
      "min": 1074.5,
      "max": 1241.96,
      "mean": 1102.8890000000001,
      "std": 17.35732397842622
    },
    "iteration1_max_monolith_temp": {
      "min": 1035.64,
      "max": 1230.41,
      "mean": 1067.977247148289,
      "std": 20.04091061687084
    },
    "iteration1_max_global_stress": {
      "min": 99.4,
      "max": 412.5,
      "mean": 204.41825095057035,
      "std": 43.07037699518606
    },
    "iteration1_monolith_new_temperature": {
      "min": 950.4237851494928,
      "max": 985.6295364892396,
      "mean": 955.3340085230031,
      "std": 3.4545905710246827
    },
    "iteration1_Hcore_after": {
      "min": 151.7755005690681,
      "max": 174.7475149979565,
      "mean": 152.35105448298373,
      "std": 0.5577653427443112
    },
    "iteration1_wall2": {
      "min": 29.842437933692867,
      "max": 29.9919128136296,
      "mean": 29.922385190115516,
      "std": 0.023579406145610136
    },
    "iteration2_keff": {
      "min": 1.0588471151588963,
      "max": 1.1062030457170848,
      "mean": 1.1035280977874606,
      "std": 0.0012775523752529994
    },
    "iteration2_avg_fuel_temp": {
      "min": 992.54,
      "max": 1023.16,
      "mean": 1000.8662965779469,
      "std": 3.872781058719859
    },
    "iteration2_max_fuel_temp": {
      "min": 1058.19,
      "max": 1113.7,
      "mean": 1074.285505703422,
      "std": 7.192849794506463
    },
    "iteration2_max_monolith_temp": {
      "min": 1018.79,
      "max": 1081.76,
      "mean": 1036.7142813688213,
      "std": 8.111452617813773
    },
    "iteration2_max_global_stress": {
      "min": 81.94,
      "max": 293.53,
      "mean": 162.34798098859318,
      "std": 30.2444348020259
    },
    "iteration2_monolith_new_temperature": {
      "min": 948.681022200231,
      "max": 957.8601958534964,
      "mean": 950.7683927818534,
      "std": 1.0966199387593465
    },
    "iteration2_Hcore_after": {
      "min": 151.7584127252878,
      "max": 179.16784911781235,
      "mean": 152.3456723440951,
      "std": 0.7364880039774512
    },
    "iteration2_wall2": {
      "min": 29.838700617971657,
      "max": 29.98722008356665,
      "mean": 29.91891441103606,
      "std": 0.023306890718838937
    }
  },
  "input_cols": [
    "E_slope",
    "E_intercept",
    "nu",
    "alpha_base",
    "alpha_slope",
    "SS316_T_ref",
    "SS316_k_ref",
    "SS316_alpha"
  ],
  "output_cols": [
    "iteration1_keff",
    "iteration1_avg_fuel_temp",
    "iteration1_max_fuel_temp",
    "iteration1_max_monolith_temp",
    "iteration1_max_global_stress",
    "iteration1_monolith_new_temperature",
    "iteration1_Hcore_after",
    "iteration1_wall2",
    "iteration2_keff",
    "iteration2_avg_fuel_temp",
    "iteration2_max_fuel_temp",
    "iteration2_max_monolith_temp",
    "iteration2_max_global_stress",
    "iteration2_monolith_new_temperature",
    "iteration2_Hcore_after",
    "iteration2_wall2"
  ]
}