{
  "level": 2,
  "tag": "fixed_level2",
  "test_nll_standardized": 0.9661728739738464,
  "primary_outputs": [
    "iteration2_keff",
    "iteration2_max_fuel_temp",
    "iteration2_max_monolith_temp",
    "iteration2_max_global_stress",
    "iteration2_wall2"
  ],
  "primary_metrics": {
    "RMSE_mean": 6.089869499206543,
    "R2_mean": 0.6512905955314636,
    "PICP90_mean": 0.9858227848101265,
    "MPIW90_mean": 28.079141776668433,
    "CRPS_mean": 3.5284485128699536
  },
  "all_outputs_RMSE_mean": 5.932992458343506,
  "all_outputs_R2_mean": 0.6832059065500895
}