level,output,MAE,RMSE,R2,PICP90,MPIW90,CRPS
2,iteration2_keff,0.00019932835130020976,0.00025361895677633584,0.8739078044891357,0.9747126436781609,0.0015114880525938022,0.0001627525020161416
2,iteration2_max_fuel_temp,3.5198092460632324,4.524482250213623,0.5844186544418335,0.8919540229885058,14.263441883130232,2.5202704721145857
2,iteration2_max_monolith_temp,3.961855411529541,5.067181587219238,0.5892574787139893,0.8988505747126436,16.21549685415439,2.8166686936677987
2,iteration2_max_global_stress,6.103426456451416,7.90731954574585,0.9293258190155029,0.9126436781609195,28.59910701624296,4.402391266236334
2,iteration2_wall2,0.0013130231527611613,0.001587814069353044,0.9956570863723755,0.9885057471264368,0.013050318289288387,0.0012269685818491727
