{
  "seed": 2030,
  "n_test": 502,
  "MAE_mean": 2.460569821124584,
  "RMSE_mean": 3.413516107039692,
  "R2_mean": 0.7203197290970291,
  "PICP_mean": 0.9691899070385126,
  "MPIW_mean": 14.453098144835911,
  "CRPS_mean": 1.8540120245429832
}