{
  "experiment": "D1_nominal_risk",
  "model_id": "bnn-baseline",
  "model_class": "BayesianMLP",
  "n_mc_eval": 50,
  "N_samples": 20000,
  "sigma_k_list": [
    0.5,
    1.0,
    1.5,
    2.0
  ],
  "threshold_sweep_MPa": [
    110.0,
    120.0,
    131.0,
    150.0,
    180.0,
    200.0
  ],
  "draw_predictive": true,
  "design_nominal": {
    "E_slope": -70000000.0,
    "E_intercept": 200000000000.0,
    "nu": 0.31,
    "alpha_base": 1e-05,
    "alpha_slope": 5e-09,
    "SS316_T_ref": 923.15,
    "SS316_k_ref": 23.2,
    "SS316_alpha": 0.013333333333333334
  },
  "design_sigma_1sigma": {
    "E_slope": 7000000.0,
    "E_intercept": 20000000000.0,
    "nu": 0.031,
    "alpha_base": 1e-06,
    "alpha_slope": 5e-10,
    "SS316_T_ref": 92.315,
    "SS316_k_ref": 2.32,
    "SS316_alpha": 0.0013333333333333333
  },
  "rows": [
    {
      "sigma_k": 0.5,
      "threshold_MPa": 110.0,
      "P_exceed": 0.9993,
      "stress_mean": 162.28927137181776,
      "stress_std": 17.798882003705145,
      "stress_p5": 134.27538528300641,
      "stress_p50": 161.80922198674244,
      "stress_p95": 192.4392704220582,
      "stress_pred_mu_mean": 162.4111477139873,
      "stress_pred_sigma_mean": 9.13618165725416,
      "stress_pred_epistemic_mean": 3.883783590802836,
      "stress_pred_aleatoric_mean": 8.25379156378886,
      "keff_mean": 1.10355835486398,
      "keff_std": 0.0004496357025504283,
      "sample_source": "predictive"
    },
    {
      "sigma_k": 0.5,
      "threshold_MPa": 120.0,
      "P_exceed": 0.99445,
      "stress_mean": 162.28927137181776,
      "stress_std": 17.798882003705145,
      "stress_p5": 134.27538528300641,
      "stress_p50": 161.80922198674244,
      "stress_p95": 192.4392704220582,
      "stress_pred_mu_mean": 162.4111477139873,
      "stress_pred_sigma_mean": 9.13618165725416,
      "stress_pred_epistemic_mean": 3.883783590802836,
      "stress_pred_aleatoric_mean": 8.25379156378886,
      "keff_mean": 1.10355835486398,
      "keff_std": 0.0004496357025504283,
      "sample_source": "predictive"
    },
    {
      "sigma_k": 0.5,
      "threshold_MPa": 131.0,
      "P_exceed": 0.96735,
      "stress_mean": 162.28927137181776,
      "stress_std": 17.798882003705145,
      "stress_p5": 134.27538528300641,
      "stress_p50": 161.80922198674244,
      "stress_p95": 192.4392704220582,
      "stress_pred_mu_mean": 162.4111477139873,
      "stress_pred_sigma_mean": 9.13618165725416,
      "stress_pred_epistemic_mean": 3.883783590802836,
      "stress_pred_aleatoric_mean": 8.25379156378886,
      "keff_mean": 1.10355835486398,
      "keff_std": 0.0004496357025504283,
      "sample_source": "predictive"
    },
    {
      "sigma_k": 0.5,
      "threshold_MPa": 150.0,
      "P_exceed": 0.7509,
      "stress_mean": 162.28927137181776,
      "stress_std": 17.798882003705145,
      "stress_p5": 134.27538528300641,
      "stress_p50": 161.80922198674244,
      "stress_p95": 192.4392704220582,
      "stress_pred_mu_mean": 162.4111477139873,
      "stress_pred_sigma_mean": 9.13618165725416,
      "stress_pred_epistemic_mean": 3.883783590802836,
      "stress_pred_aleatoric_mean": 8.25379156378886,
      "keff_mean": 1.10355835486398,
      "keff_std": 0.0004496357025504283,
      "sample_source": "predictive"
    },
    {
      "sigma_k": 0.5,
      "threshold_MPa": 180.0,
      "P_exceed": 0.1553,
      "stress_mean": 162.28927137181776,
      "stress_std": 17.798882003705145,
      "stress_p5": 134.27538528300641,
      "stress_p50": 161.80922198674244,
      "stress_p95": 192.4392704220582,
      "stress_pred_mu_mean": 162.4111477139873,
      "stress_pred_sigma_mean": 9.13618165725416,
      "stress_pred_epistemic_mean": 3.883783590802836,
      "stress_pred_aleatoric_mean": 8.25379156378886,
      "keff_mean": 1.10355835486398,
      "keff_std": 0.0004496357025504283,
      "sample_source": "predictive"
    },
    {
      "sigma_k": 0.5,
      "threshold_MPa": 200.0,
      "P_exceed": 0.023,
      "stress_mean": 162.28927137181776,
      "stress_std": 17.798882003705145,
      "stress_p5": 134.27538528300641,
      "stress_p50": 161.80922198674244,
      "stress_p95": 192.4392704220582,
      "stress_pred_mu_mean": 162.4111477139873,
      "stress_pred_sigma_mean": 9.13618165725416,
      "stress_pred_epistemic_mean": 3.883783590802836,
      "stress_pred_aleatoric_mean": 8.25379156378886,
      "keff_mean": 1.10355835486398,
      "keff_std": 0.0004496357025504283,
      "sample_source": "predictive"
    },
    {
      "sigma_k": 1.0,
      "threshold_MPa": 110.0,
      "P_exceed": 0.96355,
      "stress_mean": 162.75696168479513,
      "stress_std": 31.93737782950556,
      "stress_p5": 113.86470557224501,
      "stress_p50": 160.77566984895202,
      "stress_p95": 218.46184474773068,
      "stress_pred_mu_mean": 162.74052429602665,
      "stress_pred_sigma_mean": 12.105533805447145,
      "stress_pred_epistemic_mean": 6.496120882152124,
      "stress_pred_aleatoric_mean": 10.168589054313532,
      "keff_mean": 1.1035446999039522,
      "keff_std": 0.0009259622489085064,
      "sample_source": "predictive"
    },
    {
      "sigma_k": 1.0,
      "threshold_MPa": 120.0,
      "P_exceed": 0.92015,
      "stress_mean": 162.75696168479513,
      "stress_std": 31.93737782950556,
      "stress_p5": 113.86470557224501,
      "stress_p50": 160.77566984895202,
      "stress_p95": 218.46184474773068,
      "stress_pred_mu_mean": 162.74052429602665,
      "stress_pred_sigma_mean": 12.105533805447145,
      "stress_pred_epistemic_mean": 6.496120882152124,
      "stress_pred_aleatoric_mean": 10.168589054313532,
      "keff_mean": 1.1035446999039522,
      "keff_std": 0.0009259622489085064,
      "sample_source": "predictive"
    },
    {
      "sigma_k": 1.0,
      "threshold_MPa": 131.0,
      "P_exceed": 0.84445,
      "stress_mean": 162.75696168479513,
      "stress_std": 31.93737782950556,
      "stress_p5": 113.86470557224501,
      "stress_p50": 160.77566984895202,
      "stress_p95": 218.46184474773068,
      "stress_pred_mu_mean": 162.74052429602665,
      "stress_pred_sigma_mean": 12.105533805447145,
      "stress_pred_epistemic_mean": 6.496120882152124,
      "stress_pred_aleatoric_mean": 10.168589054313532,
      "keff_mean": 1.1035446999039522,
      "keff_std": 0.0009259622489085064,
      "sample_source": "predictive"
    },
    {
      "sigma_k": 1.0,
      "threshold_MPa": 150.0,
      "P_exceed": 0.6389,
      "stress_mean": 162.75696168479513,
      "stress_std": 31.93737782950556,
      "stress_p5": 113.86470557224501,
      "stress_p50": 160.77566984895202,
      "stress_p95": 218.46184474773068,
      "stress_pred_mu_mean": 162.74052429602665,
      "stress_pred_sigma_mean": 12.105533805447145,
      "stress_pred_epistemic_mean": 6.496120882152124,
      "stress_pred_aleatoric_mean": 10.168589054313532,
      "keff_mean": 1.1035446999039522,
      "keff_std": 0.0009259622489085064,
      "sample_source": "predictive"
    },
    {
      "sigma_k": 1.0,
      "threshold_MPa": 180.0,
      "P_exceed": 0.27555,
      "stress_mean": 162.75696168479513,
      "stress_std": 31.93737782950556,
      "stress_p5": 113.86470557224501,
      "stress_p50": 160.77566984895202,
      "stress_p95": 218.46184474773068,
      "stress_pred_mu_mean": 162.74052429602665,
      "stress_pred_sigma_mean": 12.105533805447145,
      "stress_pred_epistemic_mean": 6.496120882152124,
      "stress_pred_aleatoric_mean": 10.168589054313532,
      "keff_mean": 1.1035446999039522,
      "keff_std": 0.0009259622489085064,
      "sample_source": "predictive"
    },
    {
      "sigma_k": 1.0,
      "threshold_MPa": 200.0,
      "P_exceed": 0.1223,
      "stress_mean": 162.75696168479513,
      "stress_std": 31.93737782950556,
      "stress_p5": 113.86470557224501,
      "stress_p50": 160.77566984895202,
      "stress_p95": 218.46184474773068,
      "stress_pred_mu_mean": 162.74052429602665,
      "stress_pred_sigma_mean": 12.105533805447145,