{
  "experiment": "D3_coupling",
  "model_id": "bnn-baseline",
  "model_class": "BayesianMLP",
  "n_mc_eval": 50,
  "n_test": 501,
  "rows": [
    {
      "iter1_output": "iteration1_avg_fuel_temp",
      "iter2_output": "iteration2_avg_fuel_temp",
      "output_short": "avg_fuel_temp",
      "pred_delta_mean": -15.050825406564632,
      "pred_delta_std": 5.879836158118032,
      "pred_var_ratio_2to1": 0.23249774782588903,
      "pred_spearman_rho": 0.9572166778777138,
      "pred_spearman_p": 6.894124712201652e-271,
      "pred_epistemic_iter1_mean": 1.7382776586887285,
      "pred_epistemic_iter2_mean": 0.7227242292865872,
      "pred_aleatoric_iter1_mean": 4.293407283207515,
      "pred_aleatoric_iter2_mean": 2.418380215269444,
      "true_delta_mean": -15.225009980039923,
      "true_spearman_rho": 0.9198151395481174
    },
    {
      "iter1_output": "iteration1_max_fuel_temp",
      "iter2_output": "iteration2_max_fuel_temp",
      "output_short": "max_fuel_temp",
      "pred_delta_mean": -29.08942158904014,
      "pred_delta_std": 9.648956996752485,
      "pred_var_ratio_2to1": 0.25656728140358864,
      "pred_spearman_rho": 0.956784204055883,
      "pred_spearman_p": 8.026902212415634e-270,
      "pred_epistemic_iter1_mean": 3.094336072707575,
      "pred_epistemic_iter2_mean": 1.3447362305945463,
      "pred_aleatoric_iter1_mean": 7.636853078578279,
      "pred_aleatoric_iter2_mean": 4.4555147760623335,
      "true_delta_mean": -28.971836327345308,
      "true_spearman_rho": 0.9187106196612974
    },
    {
      "iter1_output": "iteration1_max_monolith_temp",
      "iter2_output": "iteration2_max_monolith_temp",
      "output_short": "max_monolith_temp",
      "pred_delta_mean": -31.667778410270365,
      "pred_delta_std": 11.572644947366943,
      "pred_var_ratio_2to1": 0.2573224859033423,
      "pred_spearman_rho": 0.9596445240769685,
      "pred_spearman_p": 4.379156331548441e-277,
      "pred_epistemic_iter1_mean": 3.669469262415767,
      "pred_epistemic_iter2_mean": 1.4875633639939434,
      "pred_aleatoric_iter1_mean": 8.681617516081106,
      "pred_aleatoric_iter2_mean": 5.0980904894253385,
      "true_delta_mean": -31.68369261477046,
      "true_spearman_rho": 0.9190535307798094
    },
    {
      "iter1_output": "iteration1_max_global_stress",
      "iter2_output": "iteration2_max_global_stress",
      "output_short": "max_global_stress",
      "pred_delta_mean": -42.493038421991294,
      "pred_delta_std": 15.981909300545514,
      "pred_var_ratio_2to1": 0.4896087151090325,
      "pred_spearman_rho": 0.9631715904778272,
      "pred_spearman_p": 8.406911904750769e-287,
      "pred_epistemic_iter1_mean": 8.268804999544969,
      "pred_epistemic_iter2_mean": 6.1461446732424205,
      "pred_aleatoric_iter1_mean": 14.004814494155402,
      "pred_aleatoric_iter2_mean": 10.158643577269192,
      "true_delta_mean": -42.72031936127744,
      "true_spearman_rho": 0.963897116262018
    },
    {
      "iter1_output": "iteration1_monolith_new_temperature",
      "iter2_output": "iteration2_monolith_new_temperature",
      "output_short": "monolith_new_temperature",
      "pred_delta_mean": -4.683404945452553,
      "pred_delta_std": 2.0714186623932913,
      "pred_var_ratio_2to1": 0.14846793267372757,
      "pred_spearman_rho": 0.9562755797243829,
      "pred_spearman_p": 1.3946154506079892e-268,
      "pred_epistemic_iter1_mean": 0.5986516379102373,
      "pred_epistemic_iter2_mean": 0.19712379577147168,
      "pred_aleatoric_iter1_mean": 1.478785849027471,
      "pred_aleatoric_iter2_mean": 0.6815917543988198,
      "true_delta_mean": -4.639894429685943,
      "true_spearman_rho": 0.9195362625418634
    },
    {
      "iter1_output": "iteration1_Hcore_after",
      "iter2_output": "iteration2_Hcore_after",
      "output_short": "Hcore_after",
      "pred_delta_mean": -0.014499892568891597,
      "pred_delta_std": 0.021172515424805857,
      "pred_var_ratio_2to1": 6.631662943898022,
      "pred_spearman_rho": 0.9947748154041984,
      "pred_spearman_p": 0.0,
      "pred_epistemic_iter1_mean": 0.044746837334004565,
      "pred_epistemic_iter2_mean": 0.06628737609202387,
      "pred_aleatoric_iter1_mean": 0.09825535258835742,
      "pred_aleatoric_iter2_mean": 0.26361133650322394,
      "true_delta_mean": 0.008192092066729583,
      "true_spearman_rho": 0.9823399524794504
    },
    {
      "iter1_output": "iteration1_wall2",
      "iter2_output": "iteration2_wall2",
      "output_short": "wall2",
      "pred_delta_mean": -0.0035917571657446794,
      "pred_delta_std": 0.0015496743367992556,
      "pred_var_ratio_2to1": 0.9684024314115942,
      "pred_spearman_rho": 0.9970014066850414,
      "pred_spearman_p": 0.0,
      "pred_epistemic_iter1_mean": 0.003819979548466917,
      "pred_epistemic_iter2_mean": 0.0036917469402164894,
      "pred_aleatoric_iter1_mean": 0.004444916806016361,
      "pred_aleatoric_iter2_mean": 0.004428047856977197,
      "true_delta_mean": -0.0035410250032965056,
      "true_spearman_rho": 0.9965251330009304
    }
  ]
}