{
  "seed": 2027,
  "n_test": 459,
  "MAE_mean": 2.4127822318504957,
  "RMSE_mean": 3.187492334737606,
  "R2_mean": 0.6944786409711451,
  "PICP_mean": 0.9814088598402324,
  "MPIW_mean": 16.16562732011845,
  "CRPS_mean": 1.8580417687830455
}