{
  "seed": 2029,
  "n_test": 502,
  "MAE_mean": 2.5249249188003495,
  "RMSE_mean": 3.4421706490533532,
  "R2_mean": 0.764548618634645,
  "PICP_mean": 0.9648074369189907,
  "MPIW_mean": 14.206647673874699,
  "CRPS_mean": 1.8872771772839683
}