{
  "seed": 2028,
  "n_test": 459,
  "MAE_mean": 2.8032580250387116,
  "RMSE_mean": 3.65091630225797,
  "R2_mean": 0.7439363175727054,
  "PICP_mean": 0.9837327523602034,
  "MPIW_mean": 21.0885238145088,
  "CRPS_mean": 2.262179327308876
}