{
  "seed": 2026,
  "n_test": 459,
  "MAE_mean": 2.6580405202072543,
  "RMSE_mean": 3.448182966508416,
  "R2_mean": 0.6961570386336984,
  "PICP_mean": 0.9648511256354391,
  "MPIW_mean": 15.084966535170308,
  "CRPS_mean": 1.9663485508493435
}