{
  "seed": 2030,
  "n_test": 459,
  "MAE_mean": 2.6269181280125253,
  "RMSE_mean": 3.482486977310465,
  "R2_mean": 0.7804689530136808,
  "PICP_mean": 0.9737109658678287,
  "MPIW_mean": 16.687108591811125,
  "CRPS_mean": 1.9928628917241997
}