seed,n_test,MAE_mean,RMSE_mean,R2_mean,PICP_mean,MPIW_mean,CRPS_mean
2026,459,2.751589102391283,3.5622425504185284,0.6846469334039527,0.9809731299927378,20.919123144482857,2.245103325630702
2027,459,2.5152763956896256,3.3386313224780904,0.6845823046793503,0.9882352941176472,20.874294000135354,2.1126341350151856
2028,459,2.8032580250387116,3.65091630225797,0.7439363175727054,0.9837327523602034,21.0885238145088,2.262179327308876
2029,459,2.720571201053528,3.5515298034774787,0.7852295709803839,0.9888162672476398,21.15316676856758,2.200928080485844
2030,459,2.6276693887845104,3.523287448365545,0.7677796338932333,0.9869281045751634,21.6871985680499,2.2168273197864328
