{
  "experiment": "D1_nominal_risk",
  "model_id": "bnn-data-mono",
  "model_class": "BayesianMLP",
  "n_mc_eval": 50,
  "N_samples": 20000,
  "sigma_k_list": [
    0.5,
    1.0,
    1.5,
    2.0
  ],
  "threshold_sweep_MPa": [
    110.0,
    120.0,
    131.0
  ],
  "draw_predictive": true,
  "design_nominal": {
    "E_slope": -70000000.0,
    "E_intercept": 200000000000.0,
    "nu": 0.31,
    "alpha_base": 1e-05,
    "alpha_slope": 5e-09,
    "SS316_T_ref": 923.15,
    "SS316_k_ref": 23.2,
    "SS316_alpha": 0.013333333333333334
  },
  "design_sigma_1sigma": {
    "E_slope": 7000000.0,
    "E_intercept": 20000000000.0,
    "nu": 0.031,
    "alpha_base": 1e-06,
    "alpha_slope": 5e-10,
    "SS316_T_ref": 92.315,
    "SS316_k_ref": 2.32,
    "SS316_alpha": 0.0013333333333333333
  },
  "rows": [
    {
      "sigma_k": 0.5,
      "threshold_MPa": 110.0,
      "P_exceed": 0.99775,
      "stress_mean": 162.84494156658474,
      "stress_std": 19.527092883301396,
      "stress_p5": 131.37418058302697,
      "stress_p50": 162.69272927734266,
      "stress_p95": 195.3717227522695,
      "stress_pred_mu_mean": 163.00358678860312,
      "stress_pred_sigma_mean": 12.180063955421225,
      "stress_pred_epistemic_mean": 6.418364398176053,
      "stress_pred_aleatoric_mean": 10.338737064700295,
      "keff_mean": 1.103578721038189,
      "keff_std": 0.0005223329437237311,
      "sample_source": "predictive"
    },
    {
      "sigma_k": 0.5,
      "threshold_MPa": 120.0,
      "P_exceed": 0.98745,
      "stress_mean": 162.84494156658474,
      "stress_std": 19.527092883301396,
      "stress_p5": 131.37418058302697,
      "stress_p50": 162.69272927734266,
      "stress_p95": 195.3717227522695,
      "stress_pred_mu_mean": 163.00358678860312,
      "stress_pred_sigma_mean": 12.180063955421225,
      "stress_pred_epistemic_mean": 6.418364398176053,
      "stress_pred_aleatoric_mean": 10.338737064700295,
      "keff_mean": 1.103578721038189,
      "keff_std": 0.0005223329437237311,
      "sample_source": "predictive"
    },
    {
      "sigma_k": 0.5,
      "threshold_MPa": 131.0,
      "P_exceed": 0.95195,
      "stress_mean": 162.84494156658474,
      "stress_std": 19.527092883301396,
      "stress_p5": 131.37418058302697,
      "stress_p50": 162.69272927734266,
      "stress_p95": 195.3717227522695,
      "stress_pred_mu_mean": 163.00358678860312,
      "stress_pred_sigma_mean": 12.180063955421225,
      "stress_pred_epistemic_mean": 6.418364398176053,
      "stress_pred_aleatoric_mean": 10.338737064700295,
      "keff_mean": 1.103578721038189,
      "keff_std": 0.0005223329437237311,
      "sample_source": "predictive"
    },
    {
      "sigma_k": 1.0,
      "threshold_MPa": 110.0,
      "P_exceed": 0.9582,
      "stress_mean": 163.7346063660782,
      "stress_std": 33.44564236397014,
      "stress_p5": 112.8414381915915,
      "stress_p50": 161.63945175536512,
      "stress_p95": 221.67000715011935,
      "stress_pred_mu_mean": 163.74140767420087,
      "stress_pred_sigma_mean": 15.283173401337761,
      "stress_pred_epistemic_mean": 8.88873547639529,
      "stress_pred_aleatoric_mean": 12.380386706723055,
      "keff_mean": 1.1035529833480882,
      "keff_std": 0.0008485901502656105,
      "sample_source": "predictive"
    },
    {
      "sigma_k": 1.0,
      "threshold_MPa": 120.0,
      "P_exceed": 0.91795,
      "stress_mean": 163.7346063660782,
      "stress_std": 33.44564236397014,
      "stress_p5": 112.8414381915915,
      "stress_p50": 161.63945175536512,
      "stress_p95": 221.67000715011935,
      "stress_pred_mu_mean": 163.74140767420087,
      "stress_pred_sigma_mean": 15.283173401337761,
      "stress_pred_epistemic_mean": 8.88873547639529,
      "stress_pred_aleatoric_mean": 12.380386706723055,
      "keff_mean": 1.1035529833480882,
      "keff_std": 0.0008485901502656105,
      "sample_source": "predictive"
    },
    {
      "sigma_k": 1.0,
      "threshold_MPa": 131.0,
      "P_exceed": 0.8451,
      "stress_mean": 163.7346063660782,
      "stress_std": 33.44564236397014,
      "stress_p5": 112.8414381915915,
      "stress_p50": 161.63945175536512,
      "stress_p95": 221.67000715011935,
      "stress_pred_mu_mean": 163.74140767420087,
      "stress_pred_sigma_mean": 15.283173401337761,
      "stress_pred_epistemic_mean": 8.88873547639529,
      "stress_pred_aleatoric_mean": 12.380386706723055,
      "keff_mean": 1.1035529833480882,
      "keff_std": 0.0008485901502656105,
      "sample_source": "predictive"
    },
    {
      "sigma_k": 1.5,
      "threshold_MPa": 110.0,
      "P_exceed": 0.8949,
      "stress_mean": 164.99189285609594,
      "stress_std": 48.73868707509317,
      "stress_p5": 94.69239449645568,
      "stress_p50": 161.54501435831475,
      "stress_p95": 246.16611701535172,
      "stress_pred_mu_mean": 164.77153508224282,
      "stress_pred_sigma_mean": 21.445920477922105,
      "stress_pred_epistemic_mean": 12.627261864292265,
      "stress_pred_aleatoric_mean": 17.070396092614274,
      "keff_mean": 1.103557758947966,
      "keff_std": 0.001390666770462908,
      "sample_source": "predictive"
    },
    {
      "sigma_k": 1.5,
      "threshold_MPa": 120.0,
      "P_exceed": 0.84015,
      "stress_mean": 164.99189285609594,
      "stress_std": 48.73868707509317,
      "stress_p5": 94.69239449645568,
      "stress_p50": 161.54501435831475,
      "stress_p95": 246.16611701535172,
      "stress_pred_mu_mean": 164.77153508224282,
      "stress_pred_sigma_mean": 21.445920477922105,
      "stress_pred_epistemic_mean": 12.627261864292265,
      "stress_pred_aleatoric_mean": 17.070396092614274,
      "keff_mean": 1.103557758947966,
      "keff_std": 0.001390666770462908,
      "sample_source": "predictive"
    },
    {
      "sigma_k": 1.5,
      "threshold_MPa": 131.0,
      "P_exceed": 0.76695,
      "stress_mean": 164.99189285609594,
      "stress_std": 48.73868707509317,
      "stress_p5": 94.69239449645568,
      "stress_p50": 161.54501435831475,
      "stress_p95": 246.16611701535172,
      "stress_pred_mu_mean": 164.77153508224282,
      "stress_pred_sigma_mean": 21.445920477922105,
      "stress_pred_epistemic_mean": 12.627261864292265,
      "stress_pred_aleatoric_mean": 17.070396092614274,
      "keff_mean": 1.103557758947966,
      "keff_std": 0.001390666770462908,
      "sample_source": "predictive"
    },
    {
      "sigma_k": 2.0,
      "threshold_MPa": 110.0,
      "P_exceed": 0.81295,
      "stress_mean": 165.78682758629577,
      "stress_std": 77.12293251575751,
      "stress_p5": 71.46003775557908,
      "stress_p50": 157.52752232734736,
      "stress_p95": 280.6671621428335,
      "stress_pred_mu_mean": 165.5245375929082,
      "stress_pred_sigma_mean": 35.369848285760376,
      "stress_pred_epistemic_mean": 17.83035979432041,
      "stress_pred_aleatoric_mean": 29.383372489681612,
      "keff_mean": 1.1034658157450943,
      "keff_std": 0.0024362528261491845,
      "sample_source": "predictive"
    },
    {
      "sigma_k": 2.0,
      "threshold_MPa": 120.0,
      "P_exceed": 0.755,
      "stress_mean": 165.78682758629577,
      "stress_std": 77.12293251575751,
      "stress_p5": 71.46003775557908,
      "stress_p50": 157.52752232734736,
      "stress_p95": 280.6671621428335,
      "stress_pred_mu_mean": 165.5245375929082,
      "stress_pred_sigma_mean": 35.369848285760376,
      "stress_pred_epistemic_mean": 17.83035979432041,
      "stress_pred_aleatoric_mean": 29.383372489681612,
      "keff_mean": 1.1034658157450943,
      "keff_std": 0.0024362528261491845,
      "sample_source": "predictive"
    },
    {
      "sigma_k": 2.0,
      "threshold_MPa": 131.0,
      "P_exceed": 0.68485,
      "stress_mean": 165.78682758629577,
      "stress_std": 77.12293251575751,
      "stress_p5": 71.46003775557908,
      "stress_p50": 157.52752232734736,
      "stress_p95": 280.6671621428335,
      "stress_pred_mu_mean": 165.5245375929082,
      "stress_pred_sigma_mean": 35.369848285760376,