{
  "experiment": "D3_coupling",
  "model_id": "bnn-data-mono",
  "model_class": "BayesianMLP",
  "n_mc_eval": 50,
  "n_test": 435,
  "rows": [
    {
      "iter1_output": "iteration1_avg_fuel_temp",
      "iter2_output": "iteration2_avg_fuel_temp",
      "output_short": "avg_fuel_temp",
      "pred_delta_mean": -15.136811873522523,
      "pred_delta_std": 5.568460445846335,
      "pred_var_ratio_2to1": 0.22462368757362552,
      "pred_spearman_rho": 0.9642189963328973,
      "pred_spearman_p": 8.721261977838835e-252,
      "pred_epistemic_iter1_mean": 2.3608138246980337,
      "pred_epistemic_iter2_mean": 0.9415292207648961,
      "pred_aleatoric_iter1_mean": 4.92589708852556,
      "pred_aleatoric_iter2_mean": 2.563947020479592,
      "true_delta_mean": -14.891540229885061,
      "true_spearman_rho": 0.9301140896776523
    },
    {
      "iter1_output": "iteration1_max_fuel_temp",
      "iter2_output": "iteration2_max_fuel_temp",
      "output_short": "max_fuel_temp",
      "pred_delta_mean": -28.604015422891557,
      "pred_delta_std": 9.452154725531368,
      "pred_var_ratio_2to1": 0.2571539062912326,
      "pred_spearman_rho": 0.957910833158633,
      "pred_spearman_p": 8.092295906527262e-237,
      "pred_epistemic_iter1_mean": 4.575254333521899,
      "pred_epistemic_iter2_mean": 1.8645882993210836,
      "pred_aleatoric_iter1_mean": 8.456103393800698,
      "pred_aleatoric_iter2_mean": 4.840306844656104,
      "true_delta_mean": -28.402229885057473,
      "true_spearman_rho": 0.9291351350609839
    },
    {
      "iter1_output": "iteration1_max_monolith_temp",
      "iter2_output": "iteration2_max_monolith_temp",
      "output_short": "max_monolith_temp",
      "pred_delta_mean": -30.602934577316685,
      "pred_delta_std": 11.358704750397782,
      "pred_var_ratio_2to1": 0.2424958351798155,
      "pred_spearman_rho": 0.9593488669360988,
      "pred_spearman_p": 5.102822957717074e-240,
      "pred_epistemic_iter1_mean": 4.926441598951406,
      "pred_epistemic_iter2_mean": 1.9505257305766022,
      "pred_aleatoric_iter1_mean": 9.668797265283322,
      "pred_aleatoric_iter2_mean": 5.385205322516839,
      "true_delta_mean": -31.02266666666666,
      "true_spearman_rho": 0.9298619404330405
    },
    {
      "iter1_output": "iteration1_max_global_stress",
      "iter2_output": "iteration2_max_global_stress",
      "output_short": "max_global_stress",
      "pred_delta_mean": -42.391280068330275,
      "pred_delta_std": 13.621175030565066,
      "pred_var_ratio_2to1": 0.5157657720435754,
      "pred_spearman_rho": 0.9574612289240727,
      "pred_spearman_p": 7.686770564707237e-236,
      "pred_epistemic_iter1_mean": 11.549922737322099,
      "pred_epistemic_iter2_mean": 8.853280235634434,
      "pred_aleatoric_iter1_mean": 17.44843507049109,
      "pred_aleatoric_iter2_mean": 12.54023608243463,
      "true_delta_mean": -41.84662068965517,
      "true_spearman_rho": 0.9658579610033272
    },
    {
      "iter1_output": "iteration1_monolith_new_temperature",
      "iter2_output": "iteration2_monolith_new_temperature",
      "output_short": "monolith_new_temperature",
      "pred_delta_mean": -4.621205374615993,
      "pred_delta_std": 2.0052864410388804,
      "pred_var_ratio_2to1": 0.14024247711064436,
      "pred_spearman_rho": 0.9627347483717883,
      "pred_spearman_p": 4.917307804359759e-248,
      "pred_epistemic_iter1_mean": 0.8381550706380275,
      "pred_epistemic_iter2_mean": 0.27720491027358396,
      "pred_aleatoric_iter1_mean": 1.6852541101847853,
      "pred_aleatoric_iter2_mean": 0.7226670780898198,
      "true_delta_mean": -4.5184706435366815,
      "true_spearman_rho": 0.9298465431649156
    },
    {
      "iter1_output": "iteration1_Hcore_after",
      "iter2_output": "iteration2_Hcore_after",
      "output_short": "Hcore_after",
      "pred_delta_mean": -0.04308850598649848,
      "pred_delta_std": 0.030497002340822137,
      "pred_var_ratio_2to1": 2.4385616720008905,
      "pred_spearman_rho": 0.9970836954902247,
      "pred_spearman_p": 0.0,
      "pred_epistemic_iter1_mean": 0.0927251085299532,
      "pred_epistemic_iter2_mean": 0.1375321889261484,
      "pred_aleatoric_iter1_mean": 0.13562795687507684,
      "pred_aleatoric_iter2_mean": 0.23606661062847592,
      "true_delta_mean": 0.014633052096157577,
      "true_spearman_rho": 0.9931510092055812
    },
    {
      "iter1_output": "iteration1_wall2",
      "iter2_output": "iteration2_wall2",
      "output_short": "wall2",
      "pred_delta_mean": -0.003612610837548002,
      "pred_delta_std": 0.001628208593196829,
      "pred_var_ratio_2to1": 1.0384119295637626,
      "pred_spearman_rho": 0.9971116864153335,
      "pred_spearman_p": 0.0,
      "pred_epistemic_iter1_mean": 0.005804610518410816,
      "pred_epistemic_iter2_mean": 0.006294977699966488,
      "pred_aleatoric_iter1_mean": 0.00647121942860152,
      "pred_aleatoric_iter2_mean": 0.0062554197693644245,
      "true_delta_mean": -0.0034456143158778335,
      "true_spearman_rho": 0.9970928817077953
    }
  ]
}