{
  "seed": 2028,
  "n_test": 502,
  "MAE_mean": 2.745398590297161,
  "RMSE_mean": 3.772319478881353,
  "R2_mean": 0.731931629000085,
  "PICP_mean": 0.948871181938911,
  "MPIW_mean": 14.561876104115408,
  "CRPS_mean": 2.0491287282379487
}