{
  "experiment": "D1_nominal_risk",
  "model_id": "bnn-phy-mono",
  "model_class": "BayesianMLP",
  "n_mc_eval": 50,
  "N_samples": 20000,
  "sigma_k_list": [
    0.5,
    1.0,
    1.5,
    2.0
  ],
  "threshold_sweep_MPa": [
    110.0,
    120.0,
    131.0,
    150.0,
    180.0,
    200.0
  ],
  "draw_predictive": true,
  "design_nominal": {
    "E_slope": -70000000.0,
    "E_intercept": 200000000000.0,
    "nu": 0.31,
    "alpha_base": 1e-05,
    "alpha_slope": 5e-09,
    "SS316_T_ref": 923.15,
    "SS316_k_ref": 23.2,
    "SS316_alpha": 0.013333333333333334
  },
  "design_sigma_1sigma": {
    "E_slope": 7000000.0,
    "E_intercept": 20000000000.0,
    "nu": 0.031,
    "alpha_base": 1e-06,
    "alpha_slope": 5e-10,
    "SS316_T_ref": 92.315,
    "SS316_k_ref": 2.32,
    "SS316_alpha": 0.0013333333333333333
  },
  "rows": [
    {
      "sigma_k": 0.5,
      "threshold_MPa": 110.0,
      "P_exceed": 0.9989,
      "stress_mean": 160.6207316501892,
      "stress_std": 17.82583573265013,
      "stress_p5": 132.2781256384389,
      "stress_p50": 160.34500446654948,
      "stress_p95": 190.57081799208828,
      "stress_pred_mu_mean": 160.7470566371575,
      "stress_pred_sigma_mean": 9.724943676251732,
      "stress_pred_epistemic_mean": 4.146325673792195,
      "stress_pred_aleatoric_mean": 8.782841260580566,
      "keff_mean": 1.1035557005546897,
      "keff_std": 0.00046627437908159145,
      "sample_source": "predictive"
    },
    {
      "sigma_k": 0.5,
      "threshold_MPa": 120.0,
      "P_exceed": 0.99105,
      "stress_mean": 160.6207316501892,
      "stress_std": 17.82583573265013,
      "stress_p5": 132.2781256384389,
      "stress_p50": 160.34500446654948,
      "stress_p95": 190.57081799208828,
      "stress_pred_mu_mean": 160.7470566371575,
      "stress_pred_sigma_mean": 9.724943676251732,
      "stress_pred_epistemic_mean": 4.146325673792195,
      "stress_pred_aleatoric_mean": 8.782841260580566,
      "keff_mean": 1.1035557005546897,
      "keff_std": 0.00046627437908159145,
      "sample_source": "predictive"
    },
    {
      "sigma_k": 0.5,
      "threshold_MPa": 131.0,
      "P_exceed": 0.95665,
      "stress_mean": 160.6207316501892,
      "stress_std": 17.82583573265013,
      "stress_p5": 132.2781256384389,
      "stress_p50": 160.34500446654948,
      "stress_p95": 190.57081799208828,
      "stress_pred_mu_mean": 160.7470566371575,
      "stress_pred_sigma_mean": 9.724943676251732,
      "stress_pred_epistemic_mean": 4.146325673792195,
      "stress_pred_aleatoric_mean": 8.782841260580566,
      "keff_mean": 1.1035557005546897,
      "keff_std": 0.00046627437908159145,
      "sample_source": "predictive"
    },
    {
      "sigma_k": 0.5,
      "threshold_MPa": 150.0,
      "P_exceed": 0.71835,
      "stress_mean": 160.6207316501892,
      "stress_std": 17.82583573265013,
      "stress_p5": 132.2781256384389,
      "stress_p50": 160.34500446654948,
      "stress_p95": 190.57081799208828,
      "stress_pred_mu_mean": 160.7470566371575,
      "stress_pred_sigma_mean": 9.724943676251732,
      "stress_pred_epistemic_mean": 4.146325673792195,
      "stress_pred_aleatoric_mean": 8.782841260580566,
      "keff_mean": 1.1035557005546897,
      "keff_std": 0.00046627437908159145,
      "sample_source": "predictive"
    },
    {
      "sigma_k": 0.5,
      "threshold_MPa": 180.0,
      "P_exceed": 0.13515,
      "stress_mean": 160.6207316501892,
      "stress_std": 17.82583573265013,
      "stress_p5": 132.2781256384389,
      "stress_p50": 160.34500446654948,
      "stress_p95": 190.57081799208828,
      "stress_pred_mu_mean": 160.7470566371575,
      "stress_pred_sigma_mean": 9.724943676251732,
      "stress_pred_epistemic_mean": 4.146325673792195,
      "stress_pred_aleatoric_mean": 8.782841260580566,
      "keff_mean": 1.1035557005546897,
      "keff_std": 0.00046627437908159145,
      "sample_source": "predictive"
    },
    {
      "sigma_k": 0.5,
      "threshold_MPa": 200.0,
      "P_exceed": 0.0173,
      "stress_mean": 160.6207316501892,
      "stress_std": 17.82583573265013,
      "stress_p5": 132.2781256384389,
      "stress_p50": 160.34500446654948,
      "stress_p95": 190.57081799208828,
      "stress_pred_mu_mean": 160.7470566371575,
      "stress_pred_sigma_mean": 9.724943676251732,
      "stress_pred_epistemic_mean": 4.146325673792195,
      "stress_pred_aleatoric_mean": 8.782841260580566,
      "keff_mean": 1.1035557005546897,
      "keff_std": 0.00046627437908159145,
      "sample_source": "predictive"
    },
    {
      "sigma_k": 1.0,
      "threshold_MPa": 110.0,
      "P_exceed": 0.95875,
      "stress_mean": 161.71766143229007,
      "stress_std": 31.864556009135224,
      "stress_p5": 112.65029987379857,
      "stress_p50": 159.90010814867293,
      "stress_p95": 216.98448402937913,
      "stress_pred_mu_mean": 161.7060982520582,
      "stress_pred_sigma_mean": 11.961171978741605,
      "stress_pred_epistemic_mean": 6.491294727565406,
      "stress_pred_aleatoric_mean": 10.009677530888364,
      "keff_mean": 1.1035427752967297,
      "keff_std": 0.0007729147490992391,
      "sample_source": "predictive"
    },
    {
      "sigma_k": 1.0,
      "threshold_MPa": 120.0,
      "P_exceed": 0.913,
      "stress_mean": 161.71766143229007,
      "stress_std": 31.864556009135224,
      "stress_p5": 112.65029987379857,
      "stress_p50": 159.90010814867293,
      "stress_p95": 216.98448402937913,
      "stress_pred_mu_mean": 161.7060982520582,
      "stress_pred_sigma_mean": 11.961171978741605,
      "stress_pred_epistemic_mean": 6.491294727565406,
      "stress_pred_aleatoric_mean": 10.009677530888364,
      "keff_mean": 1.1035427752967297,
      "keff_std": 0.0007729147490992391,
      "sample_source": "predictive"
    },
    {
      "sigma_k": 1.0,
      "threshold_MPa": 131.0,
      "P_exceed": 0.83575,
      "stress_mean": 161.71766143229007,
      "stress_std": 31.864556009135224,
      "stress_p5": 112.65029987379857,
      "stress_p50": 159.90010814867293,
      "stress_p95": 216.98448402937913,
      "stress_pred_mu_mean": 161.7060982520582,
      "stress_pred_sigma_mean": 11.961171978741605,
      "stress_pred_epistemic_mean": 6.491294727565406,
      "stress_pred_aleatoric_mean": 10.009677530888364,
      "keff_mean": 1.1035427752967297,
      "keff_std": 0.0007729147490992391,
      "sample_source": "predictive"
    },
    {
      "sigma_k": 1.0,
      "threshold_MPa": 150.0,
      "P_exceed": 0.6283,
      "stress_mean": 161.71766143229007,
      "stress_std": 31.864556009135224,
      "stress_p5": 112.65029987379857,
      "stress_p50": 159.90010814867293,
      "stress_p95": 216.98448402937913,
      "stress_pred_mu_mean": 161.7060982520582,
      "stress_pred_sigma_mean": 11.961171978741605,
      "stress_pred_epistemic_mean": 6.491294727565406,
      "stress_pred_aleatoric_mean": 10.009677530888364,
      "keff_mean": 1.1035427752967297,
      "keff_std": 0.0007729147490992391,
      "sample_source": "predictive"
    },
    {
      "sigma_k": 1.0,
      "threshold_MPa": 180.0,
      "P_exceed": 0.26645,
      "stress_mean": 161.71766143229007,
      "stress_std": 31.864556009135224,
      "stress_p5": 112.65029987379857,
      "stress_p50": 159.90010814867293,
      "stress_p95": 216.98448402937913,
      "stress_pred_mu_mean": 161.7060982520582,
      "stress_pred_sigma_mean": 11.961171978741605,
      "stress_pred_epistemic_mean": 6.491294727565406,
      "stress_pred_aleatoric_mean": 10.009677530888364,
      "keff_mean": 1.1035427752967297,
      "keff_std": 0.0007729147490992391,
      "sample_source": "predictive"
    },
    {
      "sigma_k": 1.0,
      "threshold_MPa": 200.0,
      "P_exceed": 0.1163,
      "stress_mean": 161.71766143229007,
      "stress_std": 31.864556009135224,
      "stress_p5": 112.65029987379857,
      "stress_p50": 159.90010814867293,
      "stress_p95": 216.98448402937913,
      "stress_pred_mu_mean": 161.7060982520582,