{
  "experiment": "D3_coupling",
  "model_id": "bnn-phy-mono",
  "model_class": "BayesianMLP",
  "n_mc_eval": 50,
  "n_test": 501,
  "rows": [
    {
      "iter1_output": "iteration1_avg_fuel_temp",
      "iter2_output": "iteration2_avg_fuel_temp",
      "output_short": "avg_fuel_temp",
      "pred_delta_mean": -14.778090983248104,
      "pred_delta_std": 5.776510517420308,
      "pred_var_ratio_2to1": 0.249542733949879,
      "pred_spearman_rho": 0.9593167333492567,
      "pred_spearman_p": 3.1622127725883082e-276,
      "pred_epistemic_iter1_mean": 1.862597657453292,
      "pred_epistemic_iter2_mean": 0.7847706404416471,
      "pred_aleatoric_iter1_mean": 4.382327372806262,
      "pred_aleatoric_iter2_mean": 2.4286912687470514,
      "true_delta_mean": -15.225009980039923,
      "true_spearman_rho": 0.9198151395481174
    },
    {
      "iter1_output": "iteration1_max_fuel_temp",
      "iter2_output": "iteration2_max_fuel_temp",
      "output_short": "max_fuel_temp",
      "pred_delta_mean": -28.375534371326093,
      "pred_delta_std": 9.90490699758191,
      "pred_var_ratio_2to1": 0.29779617393095104,
      "pred_spearman_rho": 0.9563025854815714,
      "pred_spearman_p": 1.1994788352434942e-268,
      "pred_epistemic_iter1_mean": 3.0213709691313566,
      "pred_epistemic_iter2_mean": 1.5211827916917913,
      "pred_aleatoric_iter1_mean": 7.628914988749104,
      "pred_aleatoric_iter2_mean": 4.567821728064176,
      "true_delta_mean": -28.971836327345308,
      "true_spearman_rho": 0.9187106196612974
    },
    {
      "iter1_output": "iteration1_max_monolith_temp",
      "iter2_output": "iteration2_max_monolith_temp",
      "output_short": "max_monolith_temp",
      "pred_delta_mean": -30.64912443358017,
      "pred_delta_std": 11.453890475706485,
      "pred_var_ratio_2to1": 0.2732668937584192,
      "pred_spearman_rho": 0.9541442242939783,
      "pred_spearman_p": 1.5291920420691832e-263,
      "pred_epistemic_iter1_mean": 3.9979001944712356,
      "pred_epistemic_iter2_mean": 1.6908882023516543,
      "pred_aleatoric_iter1_mean": 8.788866359245628,
      "pred_aleatoric_iter2_mean": 5.113032354406912,
      "true_delta_mean": -31.68369261477046,
      "true_spearman_rho": 0.9190535307798094
    },
    {
      "iter1_output": "iteration1_max_global_stress",
      "iter2_output": "iteration2_max_global_stress",
      "output_short": "max_global_stress",
      "pred_delta_mean": -41.79128160316983,
      "pred_delta_std": 14.626132369006125,
      "pred_var_ratio_2to1": 0.4900615934061047,
      "pred_spearman_rho": 0.9597185751991532,
      "pred_spearman_p": 2.7953614147420283e-277,
      "pred_epistemic_iter1_mean": 8.741615850032751,
      "pred_epistemic_iter2_mean": 6.255461640898339,
      "pred_aleatoric_iter1_mean": 14.284890439269455,
      "pred_aleatoric_iter2_mean": 10.209299041435438,
      "true_delta_mean": -42.72031936127744,
      "true_spearman_rho": 0.963897116262018
    },
    {
      "iter1_output": "iteration1_monolith_new_temperature",
      "iter2_output": "iteration2_monolith_new_temperature",
      "output_short": "monolith_new_temperature",
      "pred_delta_mean": -4.4361671679382075,
      "pred_delta_std": 2.067392302078307,
      "pred_var_ratio_2to1": 0.15516354761559287,
      "pred_spearman_rho": 0.9594701794890415,
      "pred_spearman_p": 1.255868124391096e-276,
      "pred_epistemic_iter1_mean": 0.586206095223236,
      "pred_epistemic_iter2_mean": 0.2235676545461648,
      "pred_aleatoric_iter1_mean": 1.490314681055993,
      "pred_aleatoric_iter2_mean": 0.674180824838791,
      "true_delta_mean": -4.639894429685943,
      "true_spearman_rho": 0.9195362625418634
    },
    {
      "iter1_output": "iteration1_Hcore_after",
      "iter2_output": "iteration2_Hcore_after",
      "output_short": "Hcore_after",
      "pred_delta_mean": -0.0005217992605900419,
      "pred_delta_std": 0.018763041199671496,
      "pred_var_ratio_2to1": 3.5477240517010955,
      "pred_spearman_rho": 0.9927425128923862,
      "pred_spearman_p": 0.0,
      "pred_epistemic_iter1_mean": 0.05871901250522624,
      "pred_epistemic_iter2_mean": 0.07998699333886583,
      "pred_aleatoric_iter1_mean": 0.09679609053403698,
      "pred_aleatoric_iter2_mean": 0.19896647972650355,
      "true_delta_mean": 0.008192092066729583,
      "true_spearman_rho": 0.9823399524794504
    },
    {
      "iter1_output": "iteration1_wall2",
      "iter2_output": "iteration2_wall2",
      "output_short": "wall2",
      "pred_delta_mean": -0.003120135664818939,
      "pred_delta_std": 0.001649433479982221,
      "pred_var_ratio_2to1": 0.967416933329157,
      "pred_spearman_rho": 0.9975022060268262,
      "pred_spearman_p": 0.0,
      "pred_epistemic_iter1_mean": 0.004236272629680262,
      "pred_epistemic_iter2_mean": 0.004126066971795685,
      "pred_aleatoric_iter1_mean": 0.004510252262254684,
      "pred_aleatoric_iter2_mean": 0.004489680997821884,
      "true_delta_mean": -0.0035410250032965056,
      "true_spearman_rho": 0.9965251330009304
    }
  ]
}