{
  "seed": 2027,
  "n_test": 459,
  "MAE_mean": 2.5152763956896256,
  "RMSE_mean": 3.3386313224780904,
  "R2_mean": 0.6845823046793503,
  "PICP_mean": 0.9882352941176472,
  "MPIW_mean": 20.874294000135354,
  "CRPS_mean": 2.1126341350151856
}