{
  "MAE_mean": 2.713141635758841,
  "RMSE_mean": 3.5701771888673974,
  "R2_mean": 0.75815101635768,
  "PICP_mean": 0.9408429118773945,
  "MPIW_mean": 13.005266423290866,
  "CRPS_mean": 1.967216734054733
}