{
  "seed": 2026,
  "n_test": 459,
  "MAE_mean": 2.6568466038881433,
  "RMSE_mean": 3.461232642999465,
  "R2_mean": 0.6924305452514556,
  "PICP_mean": 0.9713870733478578,
  "MPIW_mean": 16.122132588919325,
  "CRPS_mean": 2.0063031264657973
}