{
  "experiment": "D1_nominal_risk",
  "model_id": "bnn-mf-hybrid",
  "model_class": "BayesianMLP",
  "n_mc_eval": 50,
  "N_samples": 20000,
  "sigma_k_list": [
    0.5,
    1.0,
    1.5,
    2.0
  ],
  "threshold_sweep_MPa": [
    110.0,
    120.0,
    131.0,
    150.0,
    180.0,
    200.0
  ],
  "draw_predictive": true,
  "design_nominal": {
    "E_slope": -70000000.0,
    "E_intercept": 200000000000.0,
    "nu": 0.31,
    "alpha_base": 1e-05,
    "alpha_slope": 5e-09,
    "SS316_T_ref": 923.15,
    "SS316_k_ref": 23.2,
    "SS316_alpha": 0.013333333333333334
  },
  "design_sigma_1sigma": {
    "E_slope": 7000000.0,
    "E_intercept": 20000000000.0,
    "nu": 0.031,
    "alpha_base": 1e-06,
    "alpha_slope": 5e-10,
    "SS316_T_ref": 92.315,
    "SS316_k_ref": 2.32,
    "SS316_alpha": 0.0013333333333333333
  },
  "rows": [
    {
      "sigma_k": 0.5,
      "threshold_MPa": 110.0,
      "P_exceed": 0.9976,
      "stress_mean": 160.86073159541186,
      "stress_std": 19.567141731584712,
      "stress_p5": 129.5435977092056,
      "stress_p50": 160.52208343749845,
      "stress_p95": 193.62084333790844,
      "stress_pred_mu_mean": 161.0058707105718,
      "stress_pred_sigma_mean": 11.227358769949662,
      "stress_pred_epistemic_mean": 5.289662723476946,
      "stress_pred_aleatoric_mean": 9.88810873828443,
      "keff_mean": 1.1035096016578214,
      "keff_std": 0.0005534042491450635,
      "sample_source": "predictive"
    },
    {
      "sigma_k": 0.5,
      "threshold_MPa": 120.0,
      "P_exceed": 0.9847,
      "stress_mean": 160.86073159541186,
      "stress_std": 19.567141731584712,
      "stress_p5": 129.5435977092056,
      "stress_p50": 160.52208343749845,
      "stress_p95": 193.62084333790844,
      "stress_pred_mu_mean": 161.0058707105718,
      "stress_pred_sigma_mean": 11.227358769949662,
      "stress_pred_epistemic_mean": 5.289662723476946,
      "stress_pred_aleatoric_mean": 9.88810873828443,
      "keff_mean": 1.1035096016578214,
      "keff_std": 0.0005534042491450635,
      "sample_source": "predictive"
    },
    {
      "sigma_k": 0.5,
      "threshold_MPa": 131.0,
      "P_exceed": 0.94255,
      "stress_mean": 160.86073159541186,
      "stress_std": 19.567141731584712,
      "stress_p5": 129.5435977092056,
      "stress_p50": 160.52208343749845,
      "stress_p95": 193.62084333790844,
      "stress_pred_mu_mean": 161.0058707105718,
      "stress_pred_sigma_mean": 11.227358769949662,
      "stress_pred_epistemic_mean": 5.289662723476946,
      "stress_pred_aleatoric_mean": 9.88810873828443,
      "keff_mean": 1.1035096016578214,
      "keff_std": 0.0005534042491450635,
      "sample_source": "predictive"
    },
    {
      "sigma_k": 0.5,
      "threshold_MPa": 150.0,
      "P_exceed": 0.7037,
      "stress_mean": 160.86073159541186,
      "stress_std": 19.567141731584712,
      "stress_p5": 129.5435977092056,
      "stress_p50": 160.52208343749845,
      "stress_p95": 193.62084333790844,
      "stress_pred_mu_mean": 161.0058707105718,
      "stress_pred_sigma_mean": 11.227358769949662,
      "stress_pred_epistemic_mean": 5.289662723476946,
      "stress_pred_aleatoric_mean": 9.88810873828443,
      "keff_mean": 1.1035096016578214,
      "keff_std": 0.0005534042491450635,
      "sample_source": "predictive"
    },
    {
      "sigma_k": 0.5,
      "threshold_MPa": 180.0,
      "P_exceed": 0.1614,
      "stress_mean": 160.86073159541186,
      "stress_std": 19.567141731584712,
      "stress_p5": 129.5435977092056,
      "stress_p50": 160.52208343749845,
      "stress_p95": 193.62084333790844,
      "stress_pred_mu_mean": 161.0058707105718,
      "stress_pred_sigma_mean": 11.227358769949662,
      "stress_pred_epistemic_mean": 5.289662723476946,
      "stress_pred_aleatoric_mean": 9.88810873828443,
      "keff_mean": 1.1035096016578214,
      "keff_std": 0.0005534042491450635,
      "sample_source": "predictive"
    },
    {
      "sigma_k": 0.5,
      "threshold_MPa": 200.0,
      "P_exceed": 0.02745,
      "stress_mean": 160.86073159541186,
      "stress_std": 19.567141731584712,
      "stress_p5": 129.5435977092056,
      "stress_p50": 160.52208343749845,
      "stress_p95": 193.62084333790844,
      "stress_pred_mu_mean": 161.0058707105718,
      "stress_pred_sigma_mean": 11.227358769949662,
      "stress_pred_epistemic_mean": 5.289662723476946,
      "stress_pred_aleatoric_mean": 9.88810873828443,
      "keff_mean": 1.1035096016578214,
      "keff_std": 0.0005534042491450635,
      "sample_source": "predictive"
    },
    {
      "sigma_k": 1.0,
      "threshold_MPa": 110.0,
      "P_exceed": 0.95725,
      "stress_mean": 162.52300409362013,
      "stress_std": 32.75565675227242,
      "stress_p5": 112.278071604354,
      "stress_p50": 160.64733672696303,
      "stress_p95": 219.11877600292328,
      "stress_pred_mu_mean": 162.504646145964,
      "stress_pred_sigma_mean": 14.544099009944228,
      "stress_pred_epistemic_mean": 7.915500298160871,
      "stress_pred_aleatoric_mean": 12.165541049633719,
      "keff_mean": 1.1035484871855135,
      "keff_std": 0.0011171114103535006,
      "sample_source": "predictive"
    },
    {
      "sigma_k": 1.0,
      "threshold_MPa": 120.0,
      "P_exceed": 0.91315,
      "stress_mean": 162.52300409362013,
      "stress_std": 32.75565675227242,
      "stress_p5": 112.278071604354,
      "stress_p50": 160.64733672696303,
      "stress_p95": 219.11877600292328,
      "stress_pred_mu_mean": 162.504646145964,
      "stress_pred_sigma_mean": 14.544099009944228,
      "stress_pred_epistemic_mean": 7.915500298160871,
      "stress_pred_aleatoric_mean": 12.165541049633719,
      "keff_mean": 1.1035484871855135,
      "keff_std": 0.0011171114103535006,
      "sample_source": "predictive"
    },
    {
      "sigma_k": 1.0,
      "threshold_MPa": 131.0,
      "P_exceed": 0.83415,
      "stress_mean": 162.52300409362013,
      "stress_std": 32.75565675227242,
      "stress_p5": 112.278071604354,
      "stress_p50": 160.64733672696303,
      "stress_p95": 219.11877600292328,
      "stress_pred_mu_mean": 162.504646145964,
      "stress_pred_sigma_mean": 14.544099009944228,
      "stress_pred_epistemic_mean": 7.915500298160871,
      "stress_pred_aleatoric_mean": 12.165541049633719,
      "keff_mean": 1.1035484871855135,
      "keff_std": 0.0011171114103535006,
      "sample_source": "predictive"
    },
    {
      "sigma_k": 1.0,
      "threshold_MPa": 150.0,
      "P_exceed": 0.6317,
      "stress_mean": 162.52300409362013,
      "stress_std": 32.75565675227242,
      "stress_p5": 112.278071604354,
      "stress_p50": 160.64733672696303,
      "stress_p95": 219.11877600292328,
      "stress_pred_mu_mean": 162.504646145964,
      "stress_pred_sigma_mean": 14.544099009944228,
      "stress_pred_epistemic_mean": 7.915500298160871,
      "stress_pred_aleatoric_mean": 12.165541049633719,
      "keff_mean": 1.1035484871855135,
      "keff_std": 0.0011171114103535006,
      "sample_source": "predictive"
    },
    {
      "sigma_k": 1.0,
      "threshold_MPa": 180.0,
      "P_exceed": 0.28025,
      "stress_mean": 162.52300409362013,
      "stress_std": 32.75565675227242,
      "stress_p5": 112.278071604354,
      "stress_p50": 160.64733672696303,
      "stress_p95": 219.11877600292328,
      "stress_pred_mu_mean": 162.504646145964,
      "stress_pred_sigma_mean": 14.544099009944228,
      "stress_pred_epistemic_mean": 7.915500298160871,
      "stress_pred_aleatoric_mean": 12.165541049633719,
      "keff_mean": 1.1035484871855135,
      "keff_std": 0.0011171114103535006,
      "sample_source": "predictive"
    },
    {
      "sigma_k": 1.0,
      "threshold_MPa": 200.0,
      "P_exceed": 0.1268,
      "stress_mean": 162.52300409362013,
      "stress_std": 32.75565675227242,
      "stress_p5": 112.278071604354,
      "stress_p50": 160.64733672696303,
      "stress_p95": 219.11877600292328,
      "stress_pred_mu_mean": 162.504646145964,
      "stress_pred_sigma_mean": 14.544099009944228,