{
  "experiment": "D3_coupling",
  "model_id": "bnn-mf-hybrid",
  "model_class": "BayesianMLP",
  "n_mc_eval": 50,
  "n_test": 501,
  "rows": [
    {
      "iter1_output": "iteration1_avg_fuel_temp",
      "iter2_output": "iteration2_avg_fuel_temp",
      "output_short": "avg_fuel_temp",
      "pred_delta_mean": -15.085487720225567,
      "pred_delta_std": 6.080381409973961,
      "pred_var_ratio_2to1": 0.26185439309690234,
      "pred_spearman_rho": 0.9211179963598528,
      "pred_spearman_p": 1.3518536761218947e-206,
      "pred_epistemic_iter1_mean": 1.8591021394639877,
      "pred_epistemic_iter2_mean": 0.9901547259454412,
      "pred_aleatoric_iter1_mean": 4.527941055078417,
      "pred_aleatoric_iter2_mean": 2.5184575407056,
      "true_delta_mean": -15.225009980039923,
      "true_spearman_rho": 0.9198151395481174
    },
    {
      "iter1_output": "iteration1_max_fuel_temp",
      "iter2_output": "iteration2_max_fuel_temp",
      "output_short": "max_fuel_temp",
      "pred_delta_mean": -28.83098195964002,
      "pred_delta_std": 10.553531181041436,
      "pred_var_ratio_2to1": 0.3864030788767881,
      "pred_spearman_rho": 0.9242622108248808,
      "pred_spearman_p": 7.927924755085344e-211,
      "pred_epistemic_iter1_mean": 3.095293468402989,
      "pred_epistemic_iter2_mean": 2.3355753211213366,
      "pred_aleatoric_iter1_mean": 7.678397716638803,
      "pred_aleatoric_iter2_mean": 5.0192998159459785,
      "true_delta_mean": -28.971836327345308,
      "true_spearman_rho": 0.9187106196612974
    },
    {
      "iter1_output": "iteration1_max_monolith_temp",
      "iter2_output": "iteration2_max_monolith_temp",
      "output_short": "max_monolith_temp",
      "pred_delta_mean": -32.17192396967881,
      "pred_delta_std": 11.76220493057139,
      "pred_var_ratio_2to1": 0.2892848221802106,
      "pred_spearman_rho": 0.9241907362237,
      "pred_spearman_p": 9.93978729921874e-211,
      "pred_epistemic_iter1_mean": 3.8632599578224878,
      "pred_epistemic_iter2_mean": 2.078691200487908,
      "pred_aleatoric_iter1_mean": 8.927500076170986,
      "pred_aleatoric_iter2_mean": 5.2712228666991585,
      "true_delta_mean": -31.68369261477046,
      "true_spearman_rho": 0.9190535307798094
    },
    {
      "iter1_output": "iteration1_max_global_stress",
      "iter2_output": "iteration2_max_global_stress",
      "output_short": "max_global_stress",
      "pred_delta_mean": -41.94276440784146,
      "pred_delta_std": 16.17169741036675,
      "pred_var_ratio_2to1": 0.8148133454108203,
      "pred_spearman_rho": 0.955493748739771,
      "pred_spearman_p": 1.051683055356432e-266,
      "pred_epistemic_iter1_mean": 8.151064624941133,
      "pred_epistemic_iter2_mean": 8.017480460493545,
      "pred_aleatoric_iter1_mean": 13.234148904243959,
      "pred_aleatoric_iter2_mean": 12.049220847068165,
      "true_delta_mean": -42.72031936127744,
      "true_spearman_rho": 0.963897116262018
    },
    {
      "iter1_output": "iteration1_monolith_new_temperature",
      "iter2_output": "iteration2_monolith_new_temperature",
      "output_short": "monolith_new_temperature",
      "pred_delta_mean": -4.596290030816751,
      "pred_delta_std": 2.146893169310782,
      "pred_var_ratio_2to1": 0.1792514933201738,
      "pred_spearman_rho": 0.9213203009720069,
      "pred_spearman_p": 7.311247415782171e-207,
      "pred_epistemic_iter1_mean": 0.6285362252576505,
      "pred_epistemic_iter2_mean": 0.27477852168248085,
      "pred_aleatoric_iter1_mean": 1.5021317277944595,
      "pred_aleatoric_iter2_mean": 0.7079345901533544,
      "true_delta_mean": -4.639894429685943,
      "true_spearman_rho": 0.9195362625418634
    },
    {
      "iter1_output": "iteration1_Hcore_after",
      "iter2_output": "iteration2_Hcore_after",
      "output_short": "Hcore_after",
      "pred_delta_mean": 0.0053605214240521944,
      "pred_delta_std": 0.04189287325096071,
      "pred_var_ratio_2to1": 3.666906590133066,
      "pred_spearman_rho": 0.9655636516631395,
      "pred_spearman_p": 6.006582135621344e-294,
      "pred_epistemic_iter1_mean": 0.08765791248340107,
      "pred_epistemic_iter2_mean": 0.12182292535279708,
      "pred_aleatoric_iter1_mean": 0.17937200020911936,
      "pred_aleatoric_iter2_mean": 0.34647795218221283,
      "true_delta_mean": 0.008192092066729583,
      "true_spearman_rho": 0.9823399524794504
    },
    {
      "iter1_output": "iteration1_wall2",
      "iter2_output": "iteration2_wall2",
      "output_short": "wall2",
      "pred_delta_mean": -0.002831747362403115,
      "pred_delta_std": 0.002163564972439012,
      "pred_var_ratio_2to1": 1.6775070623620831,
      "pred_spearman_rho": 0.9952362035172948,
      "pred_spearman_p": 0.0,
      "pred_epistemic_iter1_mean": 0.0047304924067297,
      "pred_epistemic_iter2_mean": 0.005159205007183237,
      "pred_aleatoric_iter1_mean": 0.005485982381774261,
      "pred_aleatoric_iter2_mean": 0.007665490997056134,
      "true_delta_mean": -0.0035410250032965056,
      "true_spearman_rho": 0.9965251330009304
    }
  ]
}