{
  "MAE_mean": 2.410408054345894,
  "RMSE_mean": 3.3942282268853505,
  "R2_mean": 0.7707175338958646,
  "PICP_mean": 0.968063872255489,
  "MPIW_mean": 14.648728747036163,
  "CRPS_mean": 1.8302916102183864
}