{
  "model_id": "bnn-baseline",
  "N_base": 4096,
  "N_repeats": 50,
  "n_mc_sobol": 30,
  "CI_level": 0.9,
  "inputs": [
    "E_slope",
    "E_intercept",
    "nu",
    "alpha_base",
    "alpha_slope",
    "SS316_T_ref",
    "SS316_k_ref",
    "SS316_alpha"
  ],
  "outputs": [
    "iteration2_max_global_stress",
    "iteration2_keff"
  ],
  "results": {
    "iteration2_max_global_stress": {
      "S1": {
        "mean": [
          0.047318567958728505,
          0.5996422950263051,
          0.055900177213810416,
          0.1478265863084706,
          0.027049874642499083,
          0.030813952506044007,
          0.060027086784849255,
          0.0032775626328820627
        ],
        "lo": [
          0.041295806967587605,
          0.5953470389685563,
          0.049734711130011065,
          0.14187189420916868,
          0.020333117849767858,
          0.023906580327789983,
          0.05417984575488548,
          -0.0028136374241056476
        ],
        "hi": [
          0.053341328949869406,
          0.6039375510840538,
          0.06206564329760977,
          0.1537812784077725,
          0.03376663143523031,
          0.03772132468429803,
          0.06587432781481303,
          0.009368762689869773
        ]
      },
      "ST": {
        "mean": [
          0.05483592884381785,
          0.613800995758532,
          0.06590715171172454,
          0.16037582237961612,
          0.034790125839038226,
          0.04013677134702864,
          0.0785724817584828,
          0.008898375949801102
        ],
        "lo": [
          0.05403155855350334,
          0.6087689342889488,
          0.06500012626080054,
          0.1582759984047388,
          0.034233472106233634,
          0.039364657556750844,
          0.07695118436994104,
          0.008559256481278414
        ],
        "hi": [
          0.055640299134132355,
          0.6188330572281151,
          0.06681417716264854,
          0.16247564635449344,
          0.03534677957184282,
          0.04090888513730643,
          0.08019377914702457,
          0.00923749541832379
        ]
      }
    },
    "iteration2_keff": {
      "S1": {
        "mean": [
          0.00454190773649255,
          0.0032329110391271978,
          0.028822990303181615,
          0.7868724057136995,
          0.17512544213681283,
          0.008323174549157224,
          0.007233865233984158,
          0.008842532555675646
        ],
        "lo": [
          -0.001383289260563551,
          -0.0031280085810322933,
          0.022684702419015206,
          0.7850459218871133,
          0.16959811010039813,
          0.0021171243605578142,
          0.0005359192051222171,
          0.002156177210256921
        ],
        "hi": [
          0.01046710473354865,
          0.009593830659286689,
          0.034961278187348024,
          0.7886988895402858,
          0.18065277417322753,
          0.014529224737756634,
          0.0139318112628461,
          0.015528887901094371
        ]
      },
      "ST": {
        "mean": [
          0.002651672016182357,
          0.005328036755603156,
          0.02826227962633617,
          0.7909207432248686,
          0.18006540525331302,
          0.007109413102735652,
          0.005335954694439136,
          0.006332145773746876
        ],
        "lo": [
          0.0024957071125113087,
          0.005122708565833959,
          0.02780811125308741,
          0.7848692607780455,
          0.17856463400508016,
          0.00686084853555824,
          0.005129167572512951,
          0.0060912849232460054
        ],
        "hi": [
          0.0028076369198534053,
          0.005533364945372353,
          0.028716447999584935,
          0.7969722256716917,
          0.18156617650154588,
          0.007357977669913063,
          0.005542741816365321,
          0.006573006624247747
        ]
      }
    }
  }
}