{
  "experiment": "D3_coupling",
  "model_id": "bnn-baseline",
  "model_class": "BayesianMLP",
  "n_mc_eval": 50,
  "n_test": 435,
  "rows": [
    {
      "iter1_output": "iteration1_avg_fuel_temp",
      "iter2_output": "iteration2_avg_fuel_temp",
      "output_short": "avg_fuel_temp",
      "pred_delta_mean": -14.88333113936531,
      "pred_delta_std": 5.844970387206036,
      "pred_var_ratio_2to1": 0.23518918788708634,
      "pred_spearman_rho": 0.9531864898301098,
      "pred_spearman_p": 4.847824249886011e-227,
      "pred_epistemic_iter1_mean": 2.151083361565791,
      "pred_epistemic_iter2_mean": 0.8265291370040504,
      "pred_aleatoric_iter1_mean": 4.796329332744568,
      "pred_aleatoric_iter2_mean": 2.568242113234274,
      "true_delta_mean": -14.891540229885061,
      "true_spearman_rho": 0.9301140896776523
    },
    {
      "iter1_output": "iteration1_max_fuel_temp",
      "iter2_output": "iteration2_max_fuel_temp",
      "output_short": "max_fuel_temp",
      "pred_delta_mean": -28.800653925490504,
      "pred_delta_std": 9.97796311701795,
      "pred_var_ratio_2to1": 0.2856641766206688,
      "pred_spearman_rho": 0.9589686568700372,
      "pred_spearman_p": 3.673339453803092e-239,
      "pred_epistemic_iter1_mean": 3.719863656570428,
      "pred_epistemic_iter2_mean": 1.642790678940736,
      "pred_aleatoric_iter1_mean": 8.21367029698079,
      "pred_aleatoric_iter2_mean": 4.824943118645404,
      "true_delta_mean": -28.402229885057473,
      "true_spearman_rho": 0.9291351350609839
    },
    {
      "iter1_output": "iteration1_max_monolith_temp",
      "iter2_output": "iteration2_max_monolith_temp",
      "output_short": "max_monolith_temp",
      "pred_delta_mean": -31.269200355082763,
      "pred_delta_std": 11.11959373745605,
      "pred_var_ratio_2to1": 0.2776859832761172,
      "pred_spearman_rho": 0.961994300931019,
      "pred_spearman_p": 3.209981444314261e-246,
      "pred_epistemic_iter1_mean": 4.467340856761986,
      "pred_epistemic_iter2_mean": 1.8988577475830635,
      "pred_aleatoric_iter1_mean": 9.464431456787226,
      "pred_aleatoric_iter2_mean": 5.453293902440433,
      "true_delta_mean": -31.02266666666666,
      "true_spearman_rho": 0.9298619404330405
    },
    {
      "iter1_output": "iteration1_max_global_stress",
      "iter2_output": "iteration2_max_global_stress",
      "output_short": "max_global_stress",
      "pred_delta_mean": -42.06823987766381,
      "pred_delta_std": 14.92280611732918,
      "pred_var_ratio_2to1": 0.5099944933673465,
      "pred_spearman_rho": 0.9662210764085194,
      "pred_spearman_p": 4.183290568763147e-257,
      "pred_epistemic_iter1_mean": 10.598477202182606,
      "pred_epistemic_iter2_mean": 7.597832165720974,
      "pred_aleatoric_iter1_mean": 15.71494772788588,
      "pred_aleatoric_iter2_mean": 11.522355097168864,
      "true_delta_mean": -41.84662068965517,
      "true_spearman_rho": 0.9658579610033272
    },
    {
      "iter1_output": "iteration1_monolith_new_temperature",
      "iter2_output": "iteration2_monolith_new_temperature",
      "output_short": "monolith_new_temperature",
      "pred_delta_mean": -4.533014730482527,
      "pred_delta_std": 2.0014642100882742,
      "pred_var_ratio_2to1": 0.16266632340800577,
      "pred_spearman_rho": 0.9575035068838724,
      "pred_spearman_p": 6.226741726917129e-236,
      "pred_epistemic_iter1_mean": 0.7163269348554044,
      "pred_epistemic_iter2_mean": 0.2590523404226118,
      "pred_aleatoric_iter1_mean": 1.6367076872161699,
      "pred_aleatoric_iter2_mean": 0.7158568842387267,
      "true_delta_mean": -4.5184706435366815,
      "true_spearman_rho": 0.9298465431649156
    },
    {
      "iter1_output": "iteration1_Hcore_after",
      "iter2_output": "iteration2_Hcore_after",
      "output_short": "Hcore_after",
      "pred_delta_mean": -0.011673446874591726,
      "pred_delta_std": 0.014566531541476559,
      "pred_var_ratio_2to1": 2.5813204901607074,
      "pred_spearman_rho": 0.9981641160422116,
      "pred_spearman_p": 0.0,
      "pred_epistemic_iter1_mean": 0.09995030589697466,
      "pred_epistemic_iter2_mean": 0.1318779929916097,
      "pred_aleatoric_iter1_mean": 0.1406795640667702,
      "pred_aleatoric_iter2_mean": 0.2540787168673795,
      "true_delta_mean": 0.014633052096157577,
      "true_spearman_rho": 0.9931510092055812
    },
    {
      "iter1_output": "iteration1_wall2",
      "iter2_output": "iteration2_wall2",
      "output_short": "wall2",
      "pred_delta_mean": -0.003889030623423242,
      "pred_delta_std": 0.002037650688333605,
      "pred_var_ratio_2to1": 1.0009385387701466,
      "pred_spearman_rho": 0.995105232757663,
      "pred_spearman_p": 0.0,
      "pred_epistemic_iter1_mean": 0.005233535245948705,
      "pred_epistemic_iter2_mean": 0.0051485382271262365,
      "pred_aleatoric_iter1_mean": 0.005855853083449112,
      "pred_aleatoric_iter2_mean": 0.005862930762097589,
      "true_delta_mean": -0.0034456143158778335,
      "true_spearman_rho": 0.9970928817077953
    }
  ]
}