{
  "seed": 2029,
  "n_test": 459,
  "MAE_mean": 2.5823933712374143,
  "RMSE_mean": 3.354829045580944,
  "R2_mean": 0.8023804742677849,
  "PICP_mean": 0.9776325344952796,
  "MPIW_mean": 15.345355314439464,
  "CRPS_mean": 1.8952990716241906
}