{
  "seed": 2026,
  "n_test": 502,
  "MAE_mean": 2.4000667080218188,
  "RMSE_mean": 3.306343211672733,
  "R2_mean": 0.7733010310668532,
  "PICP_mean": 0.9681274900398407,
  "MPIW_mean": 14.455663577963223,
  "CRPS_mean": 1.805501972036512
}