{
  "experiment": "D1_muonly",
  "model_id": "data-mono-ineq",
  "N_samples": 20000,
  "sigma_k_list": [
    0.5,
    1.0,
    1.5,
    2.0
  ],
  "threshold_sweep_MPa": [
    110.0,
    120.0,
    131.0,
    169.0,
    200.0
  ],
  "draw_predictive": false,
  "tag": "muonly",
  "design_nominal": {
    "E_slope": -70000000.0,
    "E_intercept": 200000000000.0,
    "nu": 0.31,
    "alpha_base": 1e-05,
    "alpha_slope": 5e-09,
    "SS316_T_ref": 923.15,
    "SS316_k_ref": 23.2,
    "SS316_alpha": 0.013333333333333334
  },
  "design_sigma_1sigma": {
    "E_slope": 7000000.0,
    "E_intercept": 20000000000.0,
    "nu": 0.031,
    "alpha_base": 1e-06,
    "alpha_slope": 5e-10,
    "SS316_T_ref": 92.315,
    "SS316_k_ref": 2.32,
    "SS316_alpha": 0.0013333333333333333
  },
  "rows": [
    {
      "sigma_k": 0.5,
      "threshold_MPa": 110.0,
      "P_exceed": 0.9998,
      "stress_mean": 161.3540802001953,
      "stress_std": 14.924481391906738,
      "stress_p5": 137.3171516418457,
      "stress_p50": 161.06411743164062,
      "stress_p95": 186.39825592041015,
      "stress_pred_mu_mean": 161.3540802001953,
      "stress_pred_sigma_mean": 12.515947029492573,
      "keff_mean": 1.1035794019699097,
      "keff_std": 0.0003245637926738709,
      "iter1_stress_mean": 200.7698211669922,
      "iter1_stress_std": 20.302879333496094,
      "sample_source": "mean_only"
    },
    {
      "sigma_k": 0.5,
      "threshold_MPa": 120.0,
      "P_exceed": 0.9985,
      "stress_mean": 161.3540802001953,
      "stress_std": 14.924481391906738,
      "stress_p5": 137.3171516418457,
      "stress_p50": 161.06411743164062,
      "stress_p95": 186.39825592041015,
      "stress_pred_mu_mean": 161.3540802001953,
      "stress_pred_sigma_mean": 12.515947029492573,
      "keff_mean": 1.1035794019699097,
      "keff_std": 0.0003245637926738709,
      "iter1_stress_mean": 200.7698211669922,
      "iter1_stress_std": 20.302879333496094,
      "sample_source": "mean_only"
    },
    {
      "sigma_k": 0.5,
      "threshold_MPa": 131.0,
      "P_exceed": 0.9826,
      "stress_mean": 161.3540802001953,
      "stress_std": 14.924481391906738,
      "stress_p5": 137.3171516418457,
      "stress_p50": 161.06411743164062,
      "stress_p95": 186.39825592041015,
      "stress_pred_mu_mean": 161.3540802001953,
      "stress_pred_sigma_mean": 12.515947029492573,
      "keff_mean": 1.1035794019699097,
      "keff_std": 0.0003245637926738709,
      "iter1_stress_mean": 200.7698211669922,
      "iter1_stress_std": 20.302879333496094,
      "sample_source": "mean_only"
    },
    {
      "sigma_k": 0.5,
      "threshold_MPa": 169.0,
      "P_exceed": 0.3005,
      "stress_mean": 161.3540802001953,
      "stress_std": 14.924481391906738,
      "stress_p5": 137.3171516418457,
      "stress_p50": 161.06411743164062,
      "stress_p95": 186.39825592041015,
      "stress_pred_mu_mean": 161.3540802001953,
      "stress_pred_sigma_mean": 12.515947029492573,
      "keff_mean": 1.1035794019699097,
      "keff_std": 0.0003245637926738709,
      "iter1_stress_mean": 200.7698211669922,
      "iter1_stress_std": 20.302879333496094,
      "sample_source": "mean_only"
    },
    {
      "sigma_k": 0.5,
      "threshold_MPa": 200.0,
      "P_exceed": 0.0063,
      "stress_mean": 161.3540802001953,
      "stress_std": 14.924481391906738,
      "stress_p5": 137.3171516418457,
      "stress_p50": 161.06411743164062,
      "stress_p95": 186.39825592041015,
      "stress_pred_mu_mean": 161.3540802001953,
      "stress_pred_sigma_mean": 12.515947029492573,
      "keff_mean": 1.1035794019699097,
      "keff_std": 0.0003245637926738709,
      "iter1_stress_mean": 200.7698211669922,
      "iter1_stress_std": 20.302879333496094,
      "sample_source": "mean_only"
    },
    {
      "sigma_k": 1.0,
      "threshold_MPa": 110.0,
      "P_exceed": 0.9663,
      "stress_mean": 162.6344757080078,
      "stress_std": 30.46795654296875,
      "stress_p5": 115.11000213623046,
      "stress_p50": 161.33163452148438,
      "stress_p95": 215.11687469482416,
      "stress_pred_mu_mean": 162.6344757080078,
      "stress_pred_sigma_mean": 9.728874012322262,
      "keff_mean": 1.1035581827163696,
      "keff_std": 0.0006593449506908655,
      "iter1_stress_mean": 205.029052734375,
      "iter1_stress_std": 42.92165756225586,
      "sample_source": "mean_only"
    },
    {
      "sigma_k": 1.0,
      "threshold_MPa": 120.0,
      "P_exceed": 0.927,
      "stress_mean": 162.6344757080078,
      "stress_std": 30.46795654296875,
      "stress_p5": 115.11000213623046,
      "stress_p50": 161.33163452148438,
      "stress_p95": 215.11687469482416,
      "stress_pred_mu_mean": 162.6344757080078,
      "stress_pred_sigma_mean": 9.728874012322262,
      "keff_mean": 1.1035581827163696,
      "keff_std": 0.0006593449506908655,
      "iter1_stress_mean": 205.029052734375,
      "iter1_stress_std": 42.92165756225586,
      "sample_source": "mean_only"
    },
    {
      "sigma_k": 1.0,
      "threshold_MPa": 131.0,
      "P_exceed": 0.85315,
      "stress_mean": 162.6344757080078,
      "stress_std": 30.46795654296875,
      "stress_p5": 115.11000213623046,
      "stress_p50": 161.33163452148438,
      "stress_p95": 215.11687469482416,
      "stress_pred_mu_mean": 162.6344757080078,
      "stress_pred_sigma_mean": 9.728874012322262,
      "keff_mean": 1.1035581827163696,
      "keff_std": 0.0006593449506908655,
      "iter1_stress_mean": 205.029052734375,
      "iter1_stress_std": 42.92165756225586,
      "sample_source": "mean_only"
    },
    {
      "sigma_k": 1.0,
      "threshold_MPa": 169.0,
      "P_exceed": 0.40055,
      "stress_mean": 162.6344757080078,
      "stress_std": 30.46795654296875,
      "stress_p5": 115.11000213623046,
      "stress_p50": 161.33163452148438,
      "stress_p95": 215.11687469482416,
      "stress_pred_mu_mean": 162.6344757080078,
      "stress_pred_sigma_mean": 9.728874012322262,
      "keff_mean": 1.1035581827163696,
      "keff_std": 0.0006593449506908655,
      "iter1_stress_mean": 205.029052734375,
      "iter1_stress_std": 42.92165756225586,
      "sample_source": "mean_only"
    },
    {
      "sigma_k": 1.0,
      "threshold_MPa": 200.0,
      "P_exceed": 0.1113,
      "stress_mean": 162.6344757080078,
      "stress_std": 30.46795654296875,
      "stress_p5": 115.11000213623046,
      "stress_p50": 161.33163452148438,
      "stress_p95": 215.11687469482416,
      "stress_pred_mu_mean": 162.6344757080078,
      "stress_pred_sigma_mean": 9.728874012322262,
      "keff_mean": 1.1035581827163696,
      "keff_std": 0.0006593449506908655,
      "iter1_stress_mean": 205.029052734375,
      "iter1_stress_std": 42.92165756225586,
      "sample_source": "mean_only"
    },
    {
      "sigma_k": 1.5,
      "threshold_MPa": 110.0,
      "P_exceed": 0.8825,
      "stress_mean": 163.8271484375,
      "stress_std": 47.04013442993164,
      "stress_p5": 92.44968490600586,
      "stress_p50": 160.38192749023438,
      "stress_p95": 246.57392272949218,
      "stress_pred_mu_mean": 163.8271484375,
      "stress_pred_sigma_mean": 6.628923259246179,
      "keff_mean": 1.1035352945327759,
      "keff_std": 0.001004149904474616,
      "iter1_stress_mean": 211.11465454101562,
      "iter1_stress_std": 68.78466033935547,
      "sample_source": "mean_only"
    },
    {
      "sigma_k": 1.5,
      "threshold_MPa": 120.0,
      "P_exceed": 0.8269,
      "stress_mean": 163.8271484375,
      "stress_std": 47.04013442993164,
      "stress_p5": 92.44968490600586,
      "stress_p50": 160.38192749023438,
      "stress_p95": 246.57392272949218,
      "stress_pred_mu_mean": 163.8271484375,
      "stress_pred_sigma_mean": 6.628923259246179,
      "keff_mean": 1.1035352945327759,
      "keff_std": 0.001004149904474616,
      "iter1_stress_mean": 211.11465454101562,
      "iter1_stress_std": 68.78466033935547,
      "sample_source": "mean_only"
    },
    {
      "sigma_k": 1.5,
      "threshold_MPa": 131.0,
      "P_exceed": 0.7516,