{
  "experiment": "D1_predictive_extended",
  "model_id": "data-mono-ineq",
  "N_samples": 20000,
  "sigma_k_list": [
    0.5,
    1.0,
    1.5,
    2.0
  ],
  "threshold_sweep_MPa": [
    110.0,
    120.0,
    131.0,
    169.0,
    200.0
  ],
  "draw_predictive": true,
  "tag": "predictive_extended",
  "design_nominal": {
    "E_slope": -70000000.0,
    "E_intercept": 200000000000.0,
    "nu": 0.31,
    "alpha_base": 1e-05,
    "alpha_slope": 5e-09,
    "SS316_T_ref": 923.15,
    "SS316_k_ref": 23.2,
    "SS316_alpha": 0.013333333333333334
  },
  "design_sigma_1sigma": {
    "E_slope": 7000000.0,
    "E_intercept": 20000000000.0,
    "nu": 0.031,
    "alpha_base": 1e-06,
    "alpha_slope": 5e-10,
    "SS316_T_ref": 92.315,
    "SS316_k_ref": 2.32,
    "SS316_alpha": 0.0013333333333333333
  },
  "rows": [
    {
      "sigma_k": 0.5,
      "threshold_MPa": 110.0,
      "P_exceed": 0.99815,
      "stress_mean": 161.19782474956523,
      "stress_std": 19.34909197165283,
      "stress_p5": 130.19643564070702,
      "stress_p50": 160.8778639306043,
      "stress_p95": 193.8323677840512,
      "stress_pred_mu_mean": 161.3540802001953,
      "stress_pred_sigma_mean": 12.515947029492573,
      "keff_mean": 1.103580032500154,
      "keff_std": 0.0006986512567150561,
      "iter1_stress_mean": 200.7698211669922,
      "iter1_stress_std": 20.302879333496094,
      "sample_source": "predictive"
    },
    {
      "sigma_k": 0.5,
      "threshold_MPa": 120.0,
      "P_exceed": 0.9877,
      "stress_mean": 161.19782474956523,
      "stress_std": 19.34909197165283,
      "stress_p5": 130.19643564070702,
      "stress_p50": 160.8778639306043,
      "stress_p95": 193.8323677840512,
      "stress_pred_mu_mean": 161.3540802001953,
      "stress_pred_sigma_mean": 12.515947029492573,
      "keff_mean": 1.103580032500154,
      "keff_std": 0.0006986512567150561,
      "iter1_stress_mean": 200.7698211669922,
      "iter1_stress_std": 20.302879333496094,
      "sample_source": "predictive"
    },
    {
      "sigma_k": 0.5,
      "threshold_MPa": 131.0,
      "P_exceed": 0.94515,
      "stress_mean": 161.19782474956523,
      "stress_std": 19.34909197165283,
      "stress_p5": 130.19643564070702,
      "stress_p50": 160.8778639306043,
      "stress_p95": 193.8323677840512,
      "stress_pred_mu_mean": 161.3540802001953,
      "stress_pred_sigma_mean": 12.515947029492573,
      "keff_mean": 1.103580032500154,
      "keff_std": 0.0006986512567150561,
      "iter1_stress_mean": 200.7698211669922,
      "iter1_stress_std": 20.302879333496094,
      "sample_source": "predictive"
    },
    {
      "sigma_k": 0.5,
      "threshold_MPa": 169.0,
      "P_exceed": 0.3395,
      "stress_mean": 161.19782474956523,
      "stress_std": 19.34909197165283,
      "stress_p5": 130.19643564070702,
      "stress_p50": 160.8778639306043,
      "stress_p95": 193.8323677840512,
      "stress_pred_mu_mean": 161.3540802001953,
      "stress_pred_sigma_mean": 12.515947029492573,
      "keff_mean": 1.103580032500154,
      "keff_std": 0.0006986512567150561,
      "iter1_stress_mean": 200.7698211669922,
      "iter1_stress_std": 20.302879333496094,
      "sample_source": "predictive"
    },
    {
      "sigma_k": 0.5,
      "threshold_MPa": 200.0,
      "P_exceed": 0.02605,
      "stress_mean": 161.19782474956523,
      "stress_std": 19.34909197165283,
      "stress_p5": 130.19643564070702,
      "stress_p50": 160.8778639306043,
      "stress_p95": 193.8323677840512,
      "stress_pred_mu_mean": 161.3540802001953,
      "stress_pred_sigma_mean": 12.515947029492573,
      "keff_mean": 1.103580032500154,
      "keff_std": 0.0006986512567150561,
      "iter1_stress_mean": 200.7698211669922,
      "iter1_stress_std": 20.302879333496094,
      "sample_source": "predictive"
    },
    {
      "sigma_k": 1.0,
      "threshold_MPa": 110.0,
      "P_exceed": 0.959,
      "stress_mean": 162.59964763790154,
      "stress_std": 32.15081628137463,
      "stress_p5": 112.60648570775523,
      "stress_p50": 161.04854900760964,
      "stress_p95": 218.5275891566135,
      "stress_pred_mu_mean": 162.58761596679688,
      "stress_pred_sigma_mean": 9.753980377369743,
      "keff_mean": 1.103568562796494,
      "keff_std": 0.0008465343297718846,
      "iter1_stress_mean": 205.0050506591797,
      "iter1_stress_std": 43.054161071777344,
      "sample_source": "predictive"
    },
    {
      "sigma_k": 1.0,
      "threshold_MPa": 120.0,
      "P_exceed": 0.91395,
      "stress_mean": 162.59964763790154,
      "stress_std": 32.15081628137463,
      "stress_p5": 112.60648570775523,
      "stress_p50": 161.04854900760964,
      "stress_p95": 218.5275891566135,
      "stress_pred_mu_mean": 162.58761596679688,
      "stress_pred_sigma_mean": 9.753980377369743,
      "keff_mean": 1.103568562796494,
      "keff_std": 0.0008465343297718846,
      "iter1_stress_mean": 205.0050506591797,
      "iter1_stress_std": 43.054161071777344,
      "sample_source": "predictive"
    },
    {
      "sigma_k": 1.0,
      "threshold_MPa": 131.0,
      "P_exceed": 0.83625,
      "stress_mean": 162.59964763790154,
      "stress_std": 32.15081628137463,
      "stress_p5": 112.60648570775523,
      "stress_p50": 161.04854900760964,
      "stress_p95": 218.5275891566135,
      "stress_pred_mu_mean": 162.58761596679688,
      "stress_pred_sigma_mean": 9.753980377369743,
      "keff_mean": 1.103568562796494,
      "keff_std": 0.0008465343297718846,
      "iter1_stress_mean": 205.0050506591797,
      "iter1_stress_std": 43.054161071777344,
      "sample_source": "predictive"
    },
    {
      "sigma_k": 1.0,
      "threshold_MPa": 169.0,
      "P_exceed": 0.403,
      "stress_mean": 162.59964763790154,
      "stress_std": 32.15081628137463,
      "stress_p5": 112.60648570775523,
      "stress_p50": 161.04854900760964,
      "stress_p95": 218.5275891566135,
      "stress_pred_mu_mean": 162.58761596679688,
      "stress_pred_sigma_mean": 9.753980377369743,
      "keff_mean": 1.103568562796494,
      "keff_std": 0.0008465343297718846,
      "iter1_stress_mean": 205.0050506591797,
      "iter1_stress_std": 43.054161071777344,
      "sample_source": "predictive"
    },
    {
      "sigma_k": 1.0,
      "threshold_MPa": 200.0,
      "P_exceed": 0.12565,
      "stress_mean": 162.59964763790154,
      "stress_std": 32.15081628137463,
      "stress_p5": 112.60648570775523,
      "stress_p50": 161.04854900760964,
      "stress_p95": 218.5275891566135,
      "stress_pred_mu_mean": 162.58761596679688,
      "stress_pred_sigma_mean": 9.753980377369743,
      "keff_mean": 1.103568562796494,
      "keff_std": 0.0008465343297718846,
      "iter1_stress_mean": 205.0050506591797,
      "iter1_stress_std": 43.054161071777344,
      "sample_source": "predictive"
    },
    {
      "sigma_k": 1.5,
      "threshold_MPa": 110.0,
      "P_exceed": 0.8808,
      "stress_mean": 163.70107293138418,
      "stress_std": 47.11815443313041,
      "stress_p5": 91.64655325700333,
      "stress_p50": 161.1997752119577,
      "stress_p95": 246.04069383024864,
      "stress_pred_mu_mean": 163.62770080566406,
      "stress_pred_sigma_mean": 6.650148014034595,
      "keff_mean": 1.1035381442091503,
      "keff_std": 0.001096826499533329,
      "iter1_stress_mean": 210.710693359375,
      "iter1_stress_std": 67.7021713256836,
      "sample_source": "predictive"
    },
    {
      "sigma_k": 1.5,
      "threshold_MPa": 120.0,
      "P_exceed": 0.8206,
      "stress_mean": 163.70107293138418,
      "stress_std": 47.11815443313041,
      "stress_p5": 91.64655325700333,
      "stress_p50": 161.1997752119577,
      "stress_p95": 246.04069383024864,
      "stress_pred_mu_mean": 163.62770080566406,
      "stress_pred_sigma_mean": 6.650148014034595,
      "keff_mean": 1.1035381442091503,
      "keff_std": 0.001096826499533329,
      "iter1_stress_mean": 210.710693359375,
      "iter1_stress_std": 67.7021713256836,
      "sample_source": "predictive"
    },
    {
      "sigma_k": 1.5,