{
  "MAE_mean": 2.6985052811755086,
  "RMSE_mean": 3.5682842621065904,
  "R2_mean": 0.7548339434494612,
  "PICP_mean": 0.9423754789272031,
  "MPIW_mean": 13.706451218574907,
  "CRPS_mean": 1.9759287901014255
}