{
  "experiment": "D1_nominal_risk",
  "model_id": "bnn-phy-mono",
  "model_class": "BayesianMLP",
  "n_mc_eval": 50,
  "N_samples": 20000,
  "sigma_k_list": [
    0.5,
    1.0,
    1.5,
    2.0
  ],
  "threshold_sweep_MPa": [
    110.0,
    120.0,
    131.0
  ],
  "draw_predictive": true,
  "design_nominal": {
    "E_slope": -70000000.0,
    "E_intercept": 200000000000.0,
    "nu": 0.31,
    "alpha_base": 1e-05,
    "alpha_slope": 5e-09,
    "SS316_T_ref": 923.15,
    "SS316_k_ref": 23.2,
    "SS316_alpha": 0.013333333333333334
  },
  "design_sigma_1sigma": {
    "E_slope": 7000000.0,
    "E_intercept": 20000000000.0,
    "nu": 0.031,
    "alpha_base": 1e-06,
    "alpha_slope": 5e-10,
    "SS316_T_ref": 92.315,
    "SS316_k_ref": 2.32,
    "SS316_alpha": 0.0013333333333333333
  },
  "rows": [
    {
      "sigma_k": 0.5,
      "threshold_MPa": 110.0,
      "P_exceed": 0.9991,
      "stress_mean": 160.89074509314676,
      "stress_std": 17.717216953909144,
      "stress_p5": 132.72111421492323,
      "stress_p50": 160.55072619260957,
      "stress_p95": 190.83292639906207,
      "stress_pred_mu_mean": 161.01761753068473,
      "stress_pred_sigma_mean": 9.617760342297672,
      "stress_pred_epistemic_mean": 4.332197211025403,
      "stress_pred_aleatoric_mean": 8.579319833604282,
      "keff_mean": 1.1036104152917834,
      "keff_std": 0.00045428966752720634,
      "sample_source": "predictive"
    },
    {
      "sigma_k": 0.5,
      "threshold_MPa": 120.0,
      "P_exceed": 0.99245,
      "stress_mean": 160.89074509314676,
      "stress_std": 17.717216953909144,
      "stress_p5": 132.72111421492323,
      "stress_p50": 160.55072619260957,
      "stress_p95": 190.83292639906207,
      "stress_pred_mu_mean": 161.01761753068473,
      "stress_pred_sigma_mean": 9.617760342297672,
      "stress_pred_epistemic_mean": 4.332197211025403,
      "stress_pred_aleatoric_mean": 8.579319833604282,
      "keff_mean": 1.1036104152917834,
      "keff_std": 0.00045428966752720634,
      "sample_source": "predictive"
    },
    {
      "sigma_k": 0.5,
      "threshold_MPa": 131.0,
      "P_exceed": 0.9601,
      "stress_mean": 160.89074509314676,
      "stress_std": 17.717216953909144,
      "stress_p5": 132.72111421492323,
      "stress_p50": 160.55072619260957,
      "stress_p95": 190.83292639906207,
      "stress_pred_mu_mean": 161.01761753068473,
      "stress_pred_sigma_mean": 9.617760342297672,
      "stress_pred_epistemic_mean": 4.332197211025403,
      "stress_pred_aleatoric_mean": 8.579319833604282,
      "keff_mean": 1.1036104152917834,
      "keff_std": 0.00045428966752720634,
      "sample_source": "predictive"
    },
    {
      "sigma_k": 1.0,
      "threshold_MPa": 110.0,
      "P_exceed": 0.95875,
      "stress_mean": 163.55275893252528,
      "stress_std": 33.62240017544704,
      "stress_p5": 113.15285615480802,
      "stress_p50": 161.11237062492472,
      "stress_p95": 222.74032634626025,
      "stress_pred_mu_mean": 163.54866974334067,
      "stress_pred_sigma_mean": 12.995125169825625,
      "stress_pred_epistemic_mean": 7.331230112096002,
      "stress_pred_aleatoric_mean": 10.693330976566486,
      "keff_mean": 1.1035947966766562,
      "keff_std": 0.0008170960178548264,
      "sample_source": "predictive"
    },
    {
      "sigma_k": 1.0,
      "threshold_MPa": 120.0,
      "P_exceed": 0.91705,
      "stress_mean": 163.55275893252528,
      "stress_std": 33.62240017544704,
      "stress_p5": 113.15285615480802,
      "stress_p50": 161.11237062492472,
      "stress_p95": 222.74032634626025,
      "stress_pred_mu_mean": 163.54866974334067,
      "stress_pred_sigma_mean": 12.995125169825625,
      "stress_pred_epistemic_mean": 7.331230112096002,
      "stress_pred_aleatoric_mean": 10.693330976566486,
      "keff_mean": 1.1035947966766562,
      "keff_std": 0.0008170960178548264,
      "sample_source": "predictive"
    },
    {
      "sigma_k": 1.0,
      "threshold_MPa": 131.0,
      "P_exceed": 0.84025,
      "stress_mean": 163.55275893252528,
      "stress_std": 33.62240017544704,
      "stress_p5": 113.15285615480802,
      "stress_p50": 161.11237062492472,
      "stress_p95": 222.74032634626025,
      "stress_pred_mu_mean": 163.54866974334067,
      "stress_pred_sigma_mean": 12.995125169825625,
      "stress_pred_epistemic_mean": 7.331230112096002,
      "stress_pred_aleatoric_mean": 10.693330976566486,
      "keff_mean": 1.1035947966766562,
      "keff_std": 0.0008170960178548264,
      "sample_source": "predictive"
    },
    {
      "sigma_k": 1.5,
      "threshold_MPa": 110.0,
      "P_exceed": 0.87535,
      "stress_mean": 164.34446135830828,
      "stress_std": 53.086552941091625,
      "stress_p5": 90.26128911486347,
      "stress_p50": 160.02153648892613,
      "stress_p95": 250.89536552085406,
      "stress_pred_mu_mean": 164.1352490985299,
      "stress_pred_sigma_mean": 19.596185772187575,
      "stress_pred_epistemic_mean": 10.173404830701854,
      "stress_pred_aleatoric_mean": 16.399504671630186,
      "keff_mean": 1.1035442190960574,
      "keff_std": 0.001985605010168079,
      "sample_source": "predictive"
    },
    {
      "sigma_k": 1.5,
      "threshold_MPa": 120.0,
      "P_exceed": 0.81645,
      "stress_mean": 164.34446135830828,
      "stress_std": 53.086552941091625,
      "stress_p5": 90.26128911486347,
      "stress_p50": 160.02153648892613,
      "stress_p95": 250.89536552085406,
      "stress_pred_mu_mean": 164.1352490985299,
      "stress_pred_sigma_mean": 19.596185772187575,
      "stress_pred_epistemic_mean": 10.173404830701854,
      "stress_pred_aleatoric_mean": 16.399504671630186,
      "keff_mean": 1.1035442190960574,
      "keff_std": 0.001985605010168079,
      "sample_source": "predictive"
    },
    {
      "sigma_k": 1.5,
      "threshold_MPa": 131.0,
      "P_exceed": 0.74075,
      "stress_mean": 164.34446135830828,
      "stress_std": 53.086552941091625,
      "stress_p5": 90.26128911486347,
      "stress_p50": 160.02153648892613,
      "stress_p95": 250.89536552085406,
      "stress_pred_mu_mean": 164.1352490985299,
      "stress_pred_sigma_mean": 19.596185772187575,
      "stress_pred_epistemic_mean": 10.173404830701854,
      "stress_pred_aleatoric_mean": 16.399504671630186,
      "keff_mean": 1.1035442190960574,
      "keff_std": 0.001985605010168079,
      "sample_source": "predictive"
    },
    {
      "sigma_k": 2.0,
      "threshold_MPa": 110.0,
      "P_exceed": 0.80725,
      "stress_mean": 168.3240571329819,
      "stress_std": 85.56316310082939,
      "stress_p5": 69.31438417715691,
      "stress_p50": 158.26006566511847,
      "stress_p95": 294.1066737655786,
      "stress_pred_mu_mean": 168.06109086047206,
      "stress_pred_sigma_mean": 35.95922695819426,
      "stress_pred_epistemic_mean": 13.500623911473882,
      "stress_pred_aleatoric_mean": 32.33924922015065,
      "keff_mean": 1.1034958680760527,
      "keff_std": 0.003787056817382907,
      "sample_source": "predictive"
    },
    {
      "sigma_k": 2.0,
      "threshold_MPa": 120.0,
      "P_exceed": 0.7509,
      "stress_mean": 168.3240571329819,
      "stress_std": 85.56316310082939,
      "stress_p5": 69.31438417715691,
      "stress_p50": 158.26006566511847,
      "stress_p95": 294.1066737655786,
      "stress_pred_mu_mean": 168.06109086047206,
      "stress_pred_sigma_mean": 35.95922695819426,
      "stress_pred_epistemic_mean": 13.500623911473882,
      "stress_pred_aleatoric_mean": 32.33924922015065,
      "keff_mean": 1.1034958680760527,
      "keff_std": 0.003787056817382907,
      "sample_source": "predictive"
    },
    {
      "sigma_k": 2.0,
      "threshold_MPa": 131.0,
      "P_exceed": 0.68265,
      "stress_mean": 168.3240571329819,
      "stress_std": 85.56316310082939,
      "stress_p5": 69.31438417715691,
      "stress_p50": 158.26006566511847,
      "stress_p95": 294.1066737655786,
      "stress_pred_mu_mean": 168.06109086047206,
      "stress_pred_sigma_mean": 35.95922695819426,