{
  "experiment": "D3_coupling",
  "model_id": "bnn-phy-mono",
  "model_class": "BayesianMLP",
  "n_mc_eval": 50,
  "n_test": 435,
  "rows": [
    {
      "iter1_output": "iteration1_avg_fuel_temp",
      "iter2_output": "iteration2_avg_fuel_temp",
      "output_short": "avg_fuel_temp",
      "pred_delta_mean": -14.68054036162639,
      "pred_delta_std": 5.734367789605228,
      "pred_var_ratio_2to1": 0.24856186979215614,
      "pred_spearman_rho": 0.9416252172576883,
      "pred_spearman_p": 7.674007327163063e-207,
      "pred_epistemic_iter1_mean": 2.1124477901787673,
      "pred_epistemic_iter2_mean": 0.8231429609313958,
      "pred_aleatoric_iter1_mean": 4.446293244415649,
      "pred_aleatoric_iter2_mean": 2.477286135596129,
      "true_delta_mean": -14.891540229885061,
      "true_spearman_rho": 0.9301140896776523
    },
    {
      "iter1_output": "iteration1_max_fuel_temp",
      "iter2_output": "iteration2_max_fuel_temp",
      "output_short": "max_fuel_temp",
      "pred_delta_mean": -29.132422759498667,
      "pred_delta_std": 9.38543193987835,
      "pred_var_ratio_2to1": 0.291298584066339,
      "pred_spearman_rho": 0.9433943311962067,
      "pred_spearman_p": 1.19191271934899e-209,
      "pred_epistemic_iter1_mean": 3.647795928391553,
      "pred_epistemic_iter2_mean": 1.6017666145649043,
      "pred_aleatoric_iter1_mean": 7.915872226939712,
      "pred_aleatoric_iter2_mean": 4.636064417439245,
      "true_delta_mean": -28.402229885057473,
      "true_spearman_rho": 0.9291351350609839
    },
    {
      "iter1_output": "iteration1_max_monolith_temp",
      "iter2_output": "iteration2_max_monolith_temp",
      "output_short": "max_monolith_temp",
      "pred_delta_mean": -30.355343371577227,
      "pred_delta_std": 10.962861214411523,
      "pred_var_ratio_2to1": 0.2643657198948992,
      "pred_spearman_rho": 0.9458731317150886,
      "pred_spearman_p": 9.653432866976014e-214,
      "pred_epistemic_iter1_mean": 4.339457336309766,
      "pred_epistemic_iter2_mean": 1.6904530329393663,
      "pred_aleatoric_iter1_mean": 9.267807213243985,
      "pred_aleatoric_iter2_mean": 5.275787847464013,
      "true_delta_mean": -31.02266666666666,
      "true_spearman_rho": 0.9298619404330405
    },
    {
      "iter1_output": "iteration1_max_global_stress",
      "iter2_output": "iteration2_max_global_stress",
      "output_short": "max_global_stress",
      "pred_delta_mean": -42.90410649554433,
      "pred_delta_std": 14.74041449708371,
      "pred_var_ratio_2to1": 0.49556063243919524,
      "pred_spearman_rho": 0.9623653264747792,
      "pred_spearman_p": 3.996694698696716e-247,
      "pred_epistemic_iter1_mean": 9.816644795178673,
      "pred_epistemic_iter2_mean": 7.271096527267683,
      "pred_aleatoric_iter1_mean": 14.852454913130794,
      "pred_aleatoric_iter2_mean": 10.469273124769158,
      "true_delta_mean": -41.84662068965517,
      "true_spearman_rho": 0.9658579610033272
    },
    {
      "iter1_output": "iteration1_monolith_new_temperature",
      "iter2_output": "iteration2_monolith_new_temperature",
      "output_short": "monolith_new_temperature",
      "pred_delta_mean": -4.4972418517007755,
      "pred_delta_std": 2.0041438779117877,
      "pred_var_ratio_2to1": 0.1789340013000192,
      "pred_spearman_rho": 0.9466785997423086,
      "pred_spearman_p": 4.1069369148586655e-215,
      "pred_epistemic_iter1_mean": 0.7199567860763493,
      "pred_epistemic_iter2_mean": 0.23667878549964722,
      "pred_aleatoric_iter1_mean": 1.4711276243062927,
      "pred_aleatoric_iter2_mean": 0.6933381427364934,
      "true_delta_mean": -4.5184706435366815,
      "true_spearman_rho": 0.9298465431649156
    },
    {
      "iter1_output": "iteration1_Hcore_after",
      "iter2_output": "iteration2_Hcore_after",
      "output_short": "Hcore_after",
      "pred_delta_mean": -0.0070097592834208996,
      "pred_delta_std": 0.04009681941450057,
      "pred_var_ratio_2to1": 1.5949661163832667,
      "pred_spearman_rho": 0.9912889908484254,
      "pred_spearman_p": 0.0,
      "pred_epistemic_iter1_mean": 0.08227765356439236,
      "pred_epistemic_iter2_mean": 0.10924992303958285,
      "pred_aleatoric_iter1_mean": 0.11477692376286694,
      "pred_aleatoric_iter2_mean": 0.17771710236993973,
      "true_delta_mean": 0.014633052096157577,
      "true_spearman_rho": 0.9931510092055812
    },
    {
      "iter1_output": "iteration1_wall2",
      "iter2_output": "iteration2_wall2",
      "output_short": "wall2",
      "pred_delta_mean": -0.003353701349871618,
      "pred_delta_std": 0.0018009464862107946,
      "pred_var_ratio_2to1": 0.9845283336188345,
      "pred_spearman_rho": 0.9969708570733797,
      "pred_spearman_p": 0.0,
      "pred_epistemic_iter1_mean": 0.004548030017739404,
      "pred_epistemic_iter2_mean": 0.004541820227148709,
      "pred_aleatoric_iter1_mean": 0.004915604122873953,
      "pred_aleatoric_iter2_mean": 0.00487053923029866,
      "true_delta_mean": -0.0034456143158778335,
      "true_spearman_rho": 0.9970928817077953
    }
  ]
}