{
  "model_id": "bnn-mf-hybrid",
  "N_base": 4096,
  "N_repeats": 50,
  "n_mc_sobol": 30,
  "CI_level": 0.9,
  "inputs": [
    "E_slope",
    "E_intercept",
    "nu",
    "alpha_base",
    "alpha_slope",
    "SS316_T_ref",
    "SS316_k_ref",
    "SS316_alpha"
  ],
  "outputs": [
    "iteration2_max_global_stress",
    "iteration2_keff"
  ],
  "results": {
    "iteration2_max_global_stress": {
      "S1": {
        "mean": [
          0.03873291119578011,
          0.5797584563622835,
          0.062365787817944975,
          0.1437604424685928,
          0.03199704182751313,
          0.028794218660668863,
          0.06468569837330933,
          -0.0017760203450749579
        ],
        "lo": [
          0.03051515333093425,
          0.5755547818674206,
          0.05445286452348383,
          0.1370569122846533,
          0.025365292101856646,
          0.02039605164333537,
          0.057766154242196804,
          -0.010544011456333758
        ],
        "hi": [
          0.04695066906062597,
          0.5839621308571464,
          0.07027871111240612,
          0.15046397265253228,
          0.03862879155316962,
          0.03719238567800236,
          0.07160524250442185,
          0.006991970766183842
        ]
      },
      "ST": {
        "mean": [
          0.04868998614152712,
          0.607300186917585,
          0.07104978006537381,
          0.16536173742795984,
          0.04218193185792526,
          0.03783817001876232,
          0.08463842122150039,
          0.011145090316104722
        ],
        "lo": [
          0.0478155256566314,
          0.6014022213496899,
          0.06996363933363531,
          0.16277216071611258,
          0.041414006319265936,
          0.03700696473492484,
          0.08306231512072597,
          0.010786126290833283
        ],
        "hi": [
          0.04956444662642284,
          0.6131981524854802,
          0.07213592079711231,
          0.1679513141398071,
          0.04294985739658458,
          0.038669375302599805,
          0.08621452732227482,
          0.011504054341376161
        ]
      }
    },
    "iteration2_keff": {
      "S1": {
        "mean": [
          0.002177269400878745,
          -0.002533836352708525,
          0.010794203440583206,
          0.7339218861330231,
          0.21034663735253264,
          0.0020219713867809185,
          0.002801758613768752,
          0.00305935276824963
        ],
        "lo": [
          -0.007895481100566603,
          -0.013296938038629228,
          0.0008966557466526474,
          0.7301782974757157,
          0.20163533264673328,
          -0.007126833509268741,
          -0.006036990003843957,
          -0.007337687900199589
        ],
        "hi": [
          0.012250019902324091,
          0.008229265333212178,
          0.020691751134513763,
          0.7376654747903305,
          0.219057942058332,
          0.011170776282830579,
          0.011640507231381462,
          0.01345639343669885
        ]
      },
      "ST": {
        "mean": [
          0.017080089501060693,
          0.019448862123452103,
          0.02308750193554479,
          0.7511688986901044,
          0.22412913784837407,
          0.021419501633462307,
          0.020083302638045423,
          0.026351913540844443
        ],
        "lo": [
          0.01627462058764605,
          0.01846311377956387,
          0.022173557321235424,
          0.742307292687764,
          0.22138117412823002,
          0.020672089230863076,
          0.019209753121835496,
          0.02529649377685436
        ],
        "hi": [
          0.017885558414475335,
          0.020434610467340335,
          0.024001446549854158,
          0.7600305046924448,
          0.22687710156851812,
          0.02216691403606154,
          0.02095685215425535,
          0.027407333304834528
        ]
      }
    }
  }
}