{
  "MAE_mean": 2.875556225595075,
  "RMSE_mean": 3.750238239028243,
  "R2_mean": 0.7397063041677968,
  "PICP_mean": 0.9802298850574712,
  "MPIW_mean": 21.001538598906816,
  "CRPS_mean": 2.299927386086411
}