case_id,class,E_slope,E_intercept,nu,alpha_base,alpha_slope,SS316_T_ref,SS316_k_ref,SS316_alpha,hf_stress_MPa,hf_iter1_keff,hf_iter2_keff,dataset_row_full,dataset_stress_MPa_full,nearest_dataset_distance_std,surrogate_unseen
2026_04_03_21_00_23,exact_reproduction_of_row552,-6.9981e7,1.5104e11,0.31102,1.0725e-5,5.030e-9,921.692,23.2045,0.01333,107.640,1.11335891463812,1.102871,552,107.530,0.00,False
2026_04_04_00_01_51,nan_refill_of_row260,-6.9981e7,1.8309e11,0.28813,9.531e-6,4.840e-9,921.692,23.2045,0.01333,130.924,1.11335891463812,1.103879,260,,0.00,True
2026_04_04_03_09_02,strictly_new_LHS_point,-6.9981e7,1.9833e11,0.29275,8.835e-6,4.691e-9,921.692,23.2045,0.01333,140.374,1.11335891463812,1.104246,106,,0.60,True
2026_04_04_06_25_14,strictly_new_LHS_point,-6.9981e7,1.8648e11,0.29685,1.0647e-5,5.188e-9,921.692,23.2045,0.01333,150.129,1.11335891463812,1.102865,1863,,0.49,True
2026_04_04_09_39_17,strictly_new_LHS_point,-6.9981e7,1.9294e11,0.30032,1.0270e-5,5.174e-9,921.692,23.2045,0.01333,155.015,1.11335891463812,1.103753,1746,,0.22,True
