{
  "manifest_type": "evaluation",
  "model_id": "bnn-data-mono",
  "artifact_origin": "trained_in_bnn0414",
  "training_protocol": "bnn0414_fixed",
  "output_definition_version": "15col_v1",
  "inference_method": "mc_sampling",
  "column_alignment_verified": true,
  "split_type": "repeat",
  "split_seed": -1,
  "n_test": null,
  "metrics_overall": {
    "n_test": {
      "mean": 459.0,
      "std": 0.0,
      "min": 459.0,
      "max": 459.0
    },
    "MAE_mean": {
      "mean": 2.6126930846345138,
      "std": 0.10697862712058177,
      "min": 2.4479026102255945,
      "max": 2.7097861645338868
    },
    "RMSE_mean": {
      "mean": 3.4311285173065165,
      "std": 0.12390232483037625,
      "min": 3.23811819638002,
      "max": 3.570859783695539
    },
    "R2_mean": {
      "mean": 0.7457126496450647,
      "std": 0.048542455228262976,
      "min": 0.6944931049225755,
      "max": 0.7999829488109171
    },
    "PICP_mean": {
      "mean": 0.9758896151053014,
      "std": 0.005683078444884219,
      "min": 0.9687726942628904,
      "max": 0.9821350762527232
    },
    "MPIW_mean": {
      "mean": 17.174724880945387,
      "std": 0.30141390129841,
      "min": 16.967963940827353,
      "max": 17.673023486228605
    },
    "CRPS_mean": {
      "mean": 2.008921683267412,
      "std": 0.0639921630366679,
      "min": 1.9087646911000185,
      "max": 2.0690628976824206
    }
  },
  "metrics_per_output": [],
  "checkpoint_path": "/home/tjzs/Documents/fenics_data/hpr_surrogate/hpr-claude-project/code/bnn0414/code/models/bnn-data-mono/artifacts/checkpoint_bnn-data-mono_fixed.pt",
  "scaler_path": "/home/tjzs/Documents/fenics_data/hpr_surrogate/hpr-claude-project/code/bnn0414/code/models/bnn-data-mono/artifacts/scalers_bnn-data-mono_fixed.pkl",
  "source_script": "/home/tjzs/Documents/fenics_data/hpr_surrogate/hpr-claude-project/code/bnn0414/code/experiments_0404/evaluation/run_eval_0404.py",
  "repeat_seeds": [
    2026,
    2027,
    2028,
    2029,
    2030
  ],
  "n_repeats": 5,
  "n_mc": 50,
  "summary_path": "/home/tjzs/Documents/fenics_data/hpr_surrogate/hpr-claude-project/code/bnn0414/code/models/bnn-data-mono/repeat_eval/repeat_summary.json",
  "_manifest_generated_at": "2026-04-15T22:16:48.575999"
}