{
  "experiment": "D1_nominal_risk",
  "model_id": "phy-mono",
  "N_samples": 20000,
  "sigma_k_list": [
    0.5,
    1.0,
    2.0,
    3.0
  ],
  "threshold_sweep_MPa": [
    110.0,
    120.0,
    131.0
  ],
  "draw_predictive": true,
  "design_nominal": {
    "E_slope": -70000000.0,
    "E_intercept": 200000000000.0,
    "nu": 0.31,
    "alpha_base": 1e-05,
    "alpha_slope": 5e-09,
    "SS316_T_ref": 923.15,
    "SS316_k_ref": 23.2,
    "SS316_alpha": 0.013333333333333334
  },
  "design_sigma_1sigma": {
    "E_slope": 7000000.0,
    "E_intercept": 20000000000.0,
    "nu": 0.031,
    "alpha_base": 1e-06,
    "alpha_slope": 5e-10,
    "SS316_T_ref": 92.315,
    "SS316_k_ref": 2.32,
    "SS316_alpha": 0.0013333333333333333
  },
  "rows": [
    {
      "sigma_k": 0.5,
      "threshold_MPa": 110.0,
      "P_exceed": 0.9985,
      "stress_mean": 160.53567598023332,
      "stress_std": 18.936660198859403,
      "stress_p5": 130.32847559237135,
      "stress_p50": 160.20025302868424,
      "stress_p95": 192.49766788453988,
      "stress_pred_mu_mean": 160.69842529296875,
      "stress_pred_sigma_mean": 12.562514403094465,
      "keff_mean": 1.1035924004644937,
      "keff_std": 0.0006196275061926176,
      "sample_source": "predictive"
    },
    {
      "sigma_k": 0.5,
      "threshold_MPa": 120.0,
      "P_exceed": 0.9882,
      "stress_mean": 160.53567598023332,
      "stress_std": 18.936660198859403,
      "stress_p5": 130.32847559237135,
      "stress_p50": 160.20025302868424,
      "stress_p95": 192.49766788453988,
      "stress_pred_mu_mean": 160.69842529296875,
      "stress_pred_sigma_mean": 12.562514403094465,
      "keff_mean": 1.1035924004644937,
      "keff_std": 0.0006196275061926176,
      "sample_source": "predictive"
    },
    {
      "sigma_k": 0.5,
      "threshold_MPa": 131.0,
      "P_exceed": 0.94625,
      "stress_mean": 160.53567598023332,
      "stress_std": 18.936660198859403,
      "stress_p5": 130.32847559237135,
      "stress_p50": 160.20025302868424,
      "stress_p95": 192.49766788453988,
      "stress_pred_mu_mean": 160.69842529296875,
      "stress_pred_sigma_mean": 12.562514403094465,
      "keff_mean": 1.1035924004644937,
      "keff_std": 0.0006196275061926176,
      "sample_source": "predictive"
    },
    {
      "sigma_k": 1.0,
      "threshold_MPa": 110.0,
      "P_exceed": 0.96355,
      "stress_mean": 162.68275168971482,
      "stress_std": 31.683203115821062,
      "stress_p5": 114.0372921052393,
      "stress_p50": 160.8775806910016,
      "stress_p95": 218.1204159298178,
      "stress_pred_mu_mean": 162.67599487304688,
      "stress_pred_sigma_mean": 10.226930508323454,
      "keff_mean": 1.1035694608680926,
      "keff_std": 0.0007730525951586987,
      "sample_source": "predictive"
    },
    {
      "sigma_k": 1.0,
      "threshold_MPa": 120.0,
      "P_exceed": 0.9202,
      "stress_mean": 162.68275168971482,
      "stress_std": 31.683203115821062,
      "stress_p5": 114.0372921052393,
      "stress_p50": 160.8775806910016,
      "stress_p95": 218.1204159298178,
      "stress_pred_mu_mean": 162.67599487304688,
      "stress_pred_sigma_mean": 10.226930508323454,
      "keff_mean": 1.1035694608680926,
      "keff_std": 0.0007730525951586987,
      "sample_source": "predictive"
    },
    {
      "sigma_k": 1.0,
      "threshold_MPa": 131.0,
      "P_exceed": 0.8422,
      "stress_mean": 162.68275168971482,
      "stress_std": 31.683203115821062,
      "stress_p5": 114.0372921052393,
      "stress_p50": 160.8775806910016,
      "stress_p95": 218.1204159298178,
      "stress_pred_mu_mean": 162.67599487304688,
      "stress_pred_sigma_mean": 10.226930508323454,
      "keff_mean": 1.1035694608680926,
      "keff_std": 0.0007730525951586987,
      "sample_source": "predictive"
    },
    {
      "sigma_k": 2.0,
      "threshold_MPa": 110.0,
      "P_exceed": 0.8259,
      "stress_mean": 170.27386203977122,
      "stress_std": 65.65167554322984,
      "stress_p5": 74.24411760367722,
      "stress_p50": 164.55042042809836,
      "stress_p95": 288.20899138087253,
      "stress_pred_mu_mean": 170.2017059326172,
      "stress_pred_sigma_mean": 5.074990765498302,
      "keff_mean": 1.1034246247637427,
      "keff_std": 0.0012986530567711445,
      "sample_source": "predictive"
    },
    {
      "sigma_k": 2.0,
      "threshold_MPa": 120.0,
      "P_exceed": 0.77615,
      "stress_mean": 170.27386203977122,
      "stress_std": 65.65167554322984,
      "stress_p5": 74.24411760367722,
      "stress_p50": 164.55042042809836,
      "stress_p95": 288.20899138087253,
      "stress_pred_mu_mean": 170.2017059326172,
      "stress_pred_sigma_mean": 5.074990765498302,
      "keff_mean": 1.1034246247637427,
      "keff_std": 0.0012986530567711445,
      "sample_source": "predictive"
    },
    {
      "sigma_k": 2.0,
      "threshold_MPa": 131.0,
      "P_exceed": 0.7151,
      "stress_mean": 170.27386203977122,
      "stress_std": 65.65167554322984,
      "stress_p5": 74.24411760367722,
      "stress_p50": 164.55042042809836,
      "stress_p95": 288.20899138087253,
      "stress_pred_mu_mean": 170.2017059326172,
      "stress_pred_sigma_mean": 5.074990765498302,
      "keff_mean": 1.1034246247637427,
      "keff_std": 0.0012986530567711445,
      "sample_source": "predictive"
    },
    {
      "sigma_k": 3.0,
      "threshold_MPa": 110.0,
      "P_exceed": 0.75025,
      "stress_mean": 183.8361114400874,
      "stress_std": 106.77645519529634,
      "stress_p5": 31.016805225180608,
      "stress_p50": 171.33986083046773,
      "stress_p95": 378.0260080588243,
      "stress_pred_mu_mean": 183.8399658203125,
      "stress_pred_sigma_mean": 2.137056792413765,
      "keff_mean": 1.1031295039647002,
      "keff_std": 0.001958912316158943,
      "sample_source": "predictive"
    },
    {
      "sigma_k": 3.0,
      "threshold_MPa": 120.0,
      "P_exceed": 0.71175,
      "stress_mean": 183.8361114400874,
      "stress_std": 106.77645519529634,
      "stress_p5": 31.016805225180608,
      "stress_p50": 171.33986083046773,
      "stress_p95": 378.0260080588243,
      "stress_pred_mu_mean": 183.8399658203125,
      "stress_pred_sigma_mean": 2.137056792413765,
      "keff_mean": 1.1031295039647002,
      "keff_std": 0.001958912316158943,
      "sample_source": "predictive"
    },
    {
      "sigma_k": 3.0,
      "threshold_MPa": 131.0,
      "P_exceed": 0.6686,
      "stress_mean": 183.8361114400874,
      "stress_std": 106.77645519529634,
      "stress_p5": 31.016805225180608,
      "stress_p50": 171.33986083046773,
      "stress_p95": 378.0260080588243,
      "stress_pred_mu_mean": 183.8399658203125,
      "stress_pred_sigma_mean": 2.137056792413765,
      "keff_mean": 1.1031295039647002,
      "keff_std": 0.001958912316158943,
      "sample_source": "predictive"
    }
  ]
}