{
  "MAE_mean": 2.7313992569101706,
  "RMSE_mean": 3.546509152259854,
  "R2_mean": 0.7596684092438093,
  "PICP_mean": 0.968888888888889,
  "MPIW_mean": 17.377642520963338,
  "CRPS_mean": 2.1042375763795547
}