{
  "seed": 2029,
  "n_test": 459,
  "MAE_mean": 2.6498223458816037,
  "RMSE_mean": 3.4116163215218136,
  "R2_mean": 0.7963709351614496,
  "PICP_mean": 0.9821350762527232,
  "MPIW_mean": 16.187190833647968,
  "CRPS_mean": 1.9508524523639008
}